"CODE","POLITICS","POPULATION","AGE25_PROPTN","AGE_MEDIAN","AGE50_PROPTN","POP_DENSITY","GDP","INFANT_MORT","DOCS","VAX_RATE","HEALTHCARE_BASIS","HEALTHCARE_COST","DEATH_RATE","OBS_TYPE"
"State1","STABLE DEM",NA,NA,NA,39.9802705327251,502.887542819898,14.6928913051682,NA,23.566134243726,33.9075381985353,"INSURANCE",4553.37527080397,29.8973752248871,"Train"
"State2","STABLE DEM",NA,NA,NA,37.368350995672,505.47118231517,53.2450288486457,12.0557095548468,22.0274992462345,NA,"INSURANCE",4853.65985507674,18.6511504442309,"Train"
"State3","UNSTABLE DEM",2833.26035768809,14.7576690214108,NA,40.6334070276643,497.024851558679,51.3982725130238,11.2690259464187,18.2285669920431,-99,"INSURANCE",5042.32796982481,12.1847688223178,"Train"
"State4","UNSTABLE DEM",1354.28264699317,12.2284700907536,NA,34.9428472362987,NA,56.1443269523109,NA,NA,61.9344724400427,"INSURANCE",4780.5922403994,14.2453656227401,"Test"
"State5","OTHER",3353.51062843235,13.0684594366873,NA,-99,512.670685379797,NA,NA,-99,-99,"FREE",NA,21.5396179106399,"Train"
"State6","DICTATORSHIP",2667.00408692211,11.242576944086,NA,39.8656105485209,493.340143812179,60.0910677484153,15.9680424909363,20.8397426172589,61.2910875378129,"PRIVATE",15551.4666551133,13.7307675780058,"Train"
"State7","UNSTABLE DEM",1125.38502333002,12.0767324469312,32.8658485096907,40.7103919713691,488.193782560764,56.3154161551432,15.552344640178,22.5261801347145,-99,"INSURANCE",5169.68581239483,13.9141445016298,"Test"
"State8","UNSTABLE DEM",5992.65881409914,NA,36.9089378943636,40.0215910648024,523.675714246774,NA,16.9884528347776,NA,64.8910454984254,"INSURANCE",5360.7521366866,28.7419248169242,"Test"
"State9","OTHER",4151.65903003849,16.2951989093387,NA,36.5277969083365,496.549271664664,54.1351031891068,12.6993273823386,22.9372975161759,59.7553707811851,"FREE",NA,14.7467400775934,"Train"
"State10","UNSTABLE DEM",1923.92720492617,14.0535102678665,NA,36.9207988247577,491.271287553422,56.5549837586973,13.4805769266275,23.5302647957172,54.9170350234885,"PRIVATE",14691.6796932345,16.3608212183432,"Train"
"State11","STABLE DEM",6465.46623289714,14.1434542148021,NA,NA,510.041954315825,NA,12.9476610702161,21.6042142100456,NA,"INSURANCE",5014.0870681374,22.2089766202025,"Test"
"State12","STABLE DEM",3372.68668698176,NA,35.4507309751447,-99,NA,NA,13.8037176487563,-99,-99,"INSURANCE",5122.99614827721,25.4719004273621,"Train"
"State13","STABLE DEM",NA,NA,NA,34.9668688784042,511.286642888551,52.6999241441955,12.7313883372432,NA,59.8352301904316,"INSURANCE",5153.96972539333,20.6440438424078,"Test"
"State14","STABLE DEM",6316.08112984518,13.9340430431855,34.4361937517526,NA,NA,50.4873957706259,14.3204846177138,20.7782206958387,NA,"FREE",NA,18.2122137794739,"Train"
"State15","OTHER",1091.47805852591,15.1178206316018,NA,39.7420726776636,499.114630542865,57.0876850084333,14.2883754069546,21.1434348277143,59.8373043569111,"PRIVATE",14802.3523453947,16.6552709947406,"Train"
"State16","STABLE DEM",7037.81657523543,12.4455799529476,33.7635267116461,37.685322672262,488.532495839548,50.0421809835113,14.6338081699553,24.1427503348194,63.4074342548563,"FREE",NA,13.7822024907236,"Train"
"State17","UNSTABLE DEM",NA,NA,NA,35.2739113088887,510.738181620857,52.2186112021655,12.3965184197337,NA,55.4268380500585,"INSURANCE",4965.14896329828,27.1463064244785,"Test"
"State18","UNSTABLE DEM",4561.64943872739,14.6264769557027,29.3287100526966,34.1891537851201,493.577889073864,55.1906126927076,11.9040151376913,19.8273656160526,-99,"PRIVATE",14894.1071622486,8.38398292078463,"Train"
"State19","UNSTABLE DEM",1979.26871577585,10.0194953169362,NA,39.9703430490777,488.607052707548,58.393110901106,14.671947017327,19.6173446556912,61.9144422961907,"FREE",NA,10.8323060759296,"Train"
"State20","UNSTABLE DEM",4532.01109428698,14.747714855324,NA,NA,505.165378472349,NA,NA,26.6847193245755,-99,"INSURANCE",5023.29014369213,26.1644532018562,"Train"
"State21","STABLE DEM",1453.65685803423,17.2102475124452,36.6865578248041,38.9141971786846,499.575390856832,57.4992859290726,13.4107474818331,23.8680407638692,59.9250013931555,"INSURANCE",4766.0393355508,20.5496219527335,"Train"
"State22","STABLE DEM",2752.79840385429,15.6753024677227,35.2279721181415,36.4982828382109,494.003755651427,51.1101044096845,15.3911947848723,29.2817854823956,58.6920886608847,"PRIVATE",14806.9566818094,21.7805169569084,"Train"
"State23","UNSTABLE DEM",2619.20959394957,13.6465806940527,NA,41.7879743677889,495.064813137215,53.9261537750531,15.891856459066,21.5146619293204,67.2212332934315,"PRIVATE",15238.0008527034,14.0616932518913,"Test"
"State24","OTHER",2810.01708631314,12.1423997051499,NA,32.6129865119267,490.029956330233,44.8958920456218,13.9463195660844,25.8108621813805,65.7934545980046,"INSURANCE",4724.29037477329,13.0773253152188,"Test"
"State25","DICTATORSHIP",1558.91634094999,11.6921020332864,NA,32.7989473398553,499.815969858796,44.3432616825254,14.1870198575087,29.2862360747244,57.6868015461857,"FREE",NA,22.7900598948008,"Train"
"State26","STABLE DEM",6052.10177221436,14.2970802781766,NA,NA,515.695566199846,NA,16.5238646193512,NA,56.3520912725139,"INSURANCE",4730.63656486159,30.1368892332503,"Train"
"State27","STABLE DEM",NA,NA,NA,NA,504.853949378368,56.4697072902007,14.9619672639822,27.0703600022201,57.8450653207303,"INSURANCE",5023.24746425892,25.4069225709428,"Test"
"State28","OTHER",1670.89602537937,17.4611687242036,NA,37.613322957199,506.985369955791,NA,11.5164309246461,NA,NA,"PRIVATE",15159.2132149608,20.9276141454178,"Train"
"State29","STABLE DEM",3924.95745849966,NA,32.8565030115855,38.727495257154,NA,NA,15.7836017851394,25.3874605637051,59.9764447121389,"INSURANCE",4937.86841090561,22.8521238426935,"Train"
"State30","UNSTABLE DEM",1870.72462125636,NA,NA,41.8593020779021,NA,59.0904030833019,14.754990389916,27.8004316686154,NA,"INSURANCE",4958.36971351969,33.9498031555688,"Test"
"State31","STABLE DEM",3680.45281443186,19.4410609652361,35.8164756794267,41.759816321807,487.918106995399,57.2444893031848,11.5083670389093,21.8761867509541,62.6677750624348,"INSURANCE",4813.20479751238,13.1812740658911,"Train"
"State32",NA,NA,NA,NA,NA,501.281417024731,NA,NA,NA,63.7522444877078,NA,4604.48112447851,16.3566492393547,"Test"
"State33","UNSTABLE DEM",4185.30456126787,NA,34.9325851680922,38.3741386226519,511.208457424535,NA,14.0798068640964,23.9279778568358,NA,"INSURANCE",5061.52026349105,25.4716953000989,"Test"
"State34","UNSTABLE DEM",2406.96993947318,15.609306345673,NA,42.1829013317149,494.884257914934,52.8705760409514,14.8212681011083,26.64199533698,64.1888942123527,"INSURANCE",4720.04841086443,20.9978820036166,"Train"
"State35","STABLE DEM",1480.64379130026,12.6382503232451,NA,45.0271997488237,495.856630013479,24.4123832407061,13.6688347950283,18.7005160158952,34.9088694088234,"PRIVATE",15229.1185434862,22.4025310625244,"Test"
"State36","STABLE DEM",NA,NA,NA,39.3338039858602,519.75935122767,57.7338497975658,14.7900719996361,NA,61.3607730354645,"INSURANCE",4989.98232841522,24.0222655022368,"Train"
"State37","UNSTABLE DEM",2953.87507128367,17.2657262643165,36.0810998400758,44.686633917962,489.066864778626,61.2363057274109,13.6620921882587,21.6816652094777,60.5380820455905,"PRIVATE",14526.1150853197,15.4858161084403,"Train"
"State38","STABLE DEM",NA,14.7651908611437,36.2197817106165,39.4835996592354,518.954216148065,NA,15.4570056523614,23.054807694083,NA,"PRIVATE",14661.4936750564,27.0416262209066,"Train"
"State39","STABLE DEM",1471.79272399194,17.1813820696997,NA,38.7384165013757,NA,NA,NA,20.6076629263213,67.047710271018,"FREE",NA,20.1360337772515,"Test"
"State40","STABLE DEM",NA,12.8611980686671,NA,34.7860842959807,501.46052524966,NA,15.1544291014013,NA,60.5509669427705,"INSURANCE",4835.82766518493,17.0790519236284,"Train"
"State41","OTHER",NA,14.6105523214708,30.4133748677808,NA,NA,51.892116754823,12.9772576131954,20.590823530995,65.0956550381636,"FREE",NA,13.2632262553794,"Train"
"State42","STABLE DEM",1966.88220117417,NA,NA,NA,NA,48.3048693669797,13.2967419156358,26.5712516439643,63.6080506850265,"INSURANCE",4976.38953328085,31.3785283527579,"Train"
"State43","UNSTABLE DEM",520.944918943492,15.5440597369939,NA,40.7083867934992,499.78031874857,63.4882657140913,13.8569214195652,18.149979972296,-99,"PRIVATE",15062.9055660448,16.0698646694309,"Test"
"State44","STABLE DEM",NA,14.3933295989537,34.193468401445,NA,503.980695497026,64.0539416149137,NA,17.9363467404902,60.2031849463269,"FREE",NA,17.058179688152,"Train"
"State45","UNSTABLE DEM",844.088297841166,NA,NA,39.2555441718147,NA,NA,14.2876782156806,14.3402575632226,62.4824612241791,"FREE",NA,9.44722794933858,"Test"
"State46","STABLE DEM",3098.91973901532,16.7788382565804,36.4830661371336,40.0216733558093,497.161890197954,54.8986472822516,12.7731624274354,23.883172652475,58.8337139667617,"INSURANCE",5048.82480128136,21.582374426002,"Test"
"State47","STABLE DEM",1260.08172082164,16.5364225849628,36.5674359483463,38.5213756013271,495.568543459445,54.7541140446869,14.3380828193645,23.5280030959284,64.6743422428564,"INSURANCE",4868.7592101537,15.8351588580803,"Train"
"State48","STABLE DEM",NA,18.8554762007068,NA,43.2953373330793,501.193774461557,61.2255727729626,14.2039408196962,NA,NA,"FREE",NA,21.83513810539,"Train"
"State49","STABLE DEM",NA,16.5598691944747,NA,NA,503.302233657365,NA,12.3368599957382,26.7819851601468,60.2373623621597,"FREE",NA,25.0685491527497,"Train"
"State50","--",1756.10682248548,NA,NA,40.6475999854491,503.114577820197,54.8284524543284,NA,NA,NA,"INSURANCE",4670.24298486698,19.6116440068068,"Train"
"State51","UNSTABLE DEM",1938.08635431559,14.870641351078,33.6649011087183,38.2294387244046,493.975186847581,56.2859962210373,15.6501105084526,24.8948565550493,62.8129448012977,"PRIVATE",14274.8846795072,17.5142306752465,"Test"
"State52","STABLE DEM",2982.72827496318,16.2546972434446,35.2960243863389,39.5081868416807,498.449068525435,54.9067925726894,12.5539061372002,24.3764134805879,59.0792856414041,"INSURANCE",4680.68650791609,20.625611265714,"Test"
"State53","STABLE DEM",5865.5510588097,14.7168293378559,NA,40.4320053540655,499.165228614697,55.2251877498688,14.4614510424709,22.9312291540608,61.4440037909364,"INSURANCE",4884.10370395502,18.9528840400783,"Train"
"State54","UNSTABLE DEM",5541.46785913484,17.5127597454784,NA,42.6283545939576,490.968277925796,58.3055586348843,11.7900926936161,20.2346410871701,63.3282334133768,"INSURANCE",4767.9035540075,10.8808131942349,"Train"
"State55","UNSTABLE DEM",1738.71118269236,NA,33.2477072824458,35.2895474009365,505.987669360446,NA,14.8453879206397,25.8926113141737,NA,"INSURANCE",4872.28544442292,23.939984955634,"Test"
"State56","UNSTABLE DEM",1569.89743131688,18.1101324197087,NA,NA,NA,NA,10.9065470899185,17.580400174601,-99,"INSURANCE",5060.53656474614,18.3572566992876,"Train"
"State57","DICTATORSHIP",NA,NA,35.7439314621108,36.7176678653613,NA,54.3947738328188,14.8552845889445,23.6954352576901,56.6478459342487,"PRIVATE",15378.9267248326,21.3461689511601,"Test"
"State58","OTHER",2345.92985890739,16.5273523412639,NA,37.6173446323383,497.344722762257,53.7187401135436,11.2710288772451,21.8899874206268,59.0345820321588,"INSURANCE",5188.5498243597,15.7229444570924,"Train"
"State59","UNSTABLE DEM",1106.17938777696,16.7334949285645,NA,36.2865972811161,491.065196672458,55.5487709954714,10.5851089907422,17.0094120562686,-99,"FREE",NA,8.06953422178495,"Train"
"State60","UNSTABLE DEM",4443.36284617507,14.2967440503624,34.7842591265968,41.0137915316795,NA,NA,15.4364831522293,NA,-99,"FREE",NA,28.6871204043228,"Train"
"State61","UNSTABLE DEM",1508.1696698927,15.7870087922562,NA,35.8931416864617,497.386967724305,20.6401444846822,9.69674686466816,17.7569062548536,29.7960504962119,"INSURANCE",5109.56065886752,21.4960748577536,"Train"
"State62","OTHER",NA,17.0433855438247,35.9671722328229,41.7311595706505,506.933136531697,NA,NA,22.6724827865862,55.999102796573,"INSURANCE",5345.21744607411,24.3636390094905,"Test"
"State63","UNSTABLE DEM",950.554215772367,20.2056879839332,NA,39.0333360028826,494.680591535663,52.0904397019123,12.1627380865885,22.433690237695,60.2996557932719,"INSURANCE",5065.49357160112,16.5070215933438,"Train"
"State64","DICTATORSHIP",5325.04663503911,15.5385728872917,34.3662821527427,NA,NA,49.2434839920853,13.5375880561461,NA,62.6911589050452,"FREE",NA,29.2635311521224,"Train"
"State65","UNSTABLE DEM",NA,NA,40.1577544359071,40.5705578728889,503.359222166095,NA,14.6219271665874,23.9142628651892,59.8358362901307,"INSURANCE",5200.71528105846,22.257214888963,"Train"
"State66","DICTATORSHIP",1339.66878360063,NA,NA,NA,NA,57.3816099135855,16.0454961436715,24.8128345010382,63.8333875328152,"FREE",NA,24.7301370227071,"Train"
"State67","STABLE DEM",2851.33864328341,16.2942655119167,38.0387052954819,43.4921691309535,489.166222078166,56.7932731480248,18.4023670742982,25.5373173983753,68.1404606102682,"INSURANCE",5217.10975481489,15.6282421041711,"Train"
"State68","UNSTABLE DEM",1536.36476759427,12.0393362707131,NA,31.6628907057861,NA,58.084955626282,NA,17.3675202152843,NA,"INSURANCE",4958.68647903285,17.3106175960415,"Train"
"State69","UNSTABLE DEM",3582.44226062072,13.3998294019806,NA,NA,NA,56.2816708070171,NA,21.8226426214573,65.7481469366123,"INSURANCE",4606.15030388666,20.5093508546197,"Train"
"State70","OTHER",2751.67898833191,14.3629179683878,NA,35.8732896810161,NA,NA,10.2210077025249,21.9679471212184,NA,"INSURANCE",5119.6163421857,22.7963280408896,"Train"
"State71","UNSTABLE DEM",5359.00413838492,15.5319846714803,35.8063257489877,40.9544999351843,NA,57.0190813882321,15.133539945264,NA,NA,"INSURANCE",4606.89819986866,23.5351733468396,"Train"
"State72","DICTATORSHIP",NA,14.1859752787759,NA,NA,509.450855320956,NA,12.1494318263486,24.3531561415433,60.007422153383,"FREE",NA,23.5860321517765,"Train"
"State73","STABLE DEM",5741.52049161746,NA,NA,NA,501.082088695568,60.9881387503195,14.8425176822562,NA,60.3848405646964,"INSURANCE",5136.38065235512,16.7821085523282,"Train"
"State74",NA,NA,14.5577022492564,NA,NA,NA,55.9986010712653,NA,NA,63.4166763623258,NA,4987.87899508981,21.5574799713242,"Train"
"State75","UNSTABLE DEM",1949.6607473621,13.9529568035614,32.6011094492521,38.5752449837493,476.215995804519,49.6776664616751,11.8089400262138,23.8203527308518,64.3527487251916,"INSURANCE",4804.51774461146,8.35069474327727,"Test"
"State76","UNSTABLE DEM",3850.77619010478,16.5434617395998,34.0228778309331,38.3465606897503,496.17279935459,52.2808039470559,14.3875970457259,25.6177139474684,64.0126164075663,"FREE",NA,18.3952192151273,"Train"
"State77","OTHER",3828.56816757379,NA,31.9988824347018,40.9341039703929,NA,53.2045057255907,NA,24.0307350481287,57.1917704164079,"INSURANCE",5163.65514903926,29.954628059631,"Train"
"State78","UNSTABLE DEM",3652.2991967092,NA,NA,NA,NA,59.2629286914915,12.8416337240311,19.1867554704614,54.9393541720471,"INSURANCE",4950.64817045991,19.8208047009641,"Train"
"State79","STABLE DEM",4828.40598674889,16.0171304693853,NA,40.0843545474566,485.401460655431,52.5394812914846,13.9461163901717,19.6735144843109,66.6784008445608,"FREE",NA,7.83731482700398,"Train"
"State80","UNSTABLE DEM",NA,17.1898608894253,37.0970516266873,NA,509.475528799378,63.0311286073586,15.9855500727154,20.7993730290684,NA,"PRIVATE",13969.5145545778,22.9869193974892,"Train"
"State81","STABLE DEM",3006.39588456327,NA,NA,40.5131851947947,NA,58.0847745448973,13.7207022132961,NA,62.4764322714157,"PRIVATE",15107.6192913981,20.60708228071,"Test"
"State82","STABLE DEM",867.42349832582,12.1735598697903,29.2054681712606,37.9362439951768,492.101735879201,54.3960711580538,13.2457877167024,21.1649715306481,57.0701835722275,"INSURANCE",5068.38127933003,14.1079801068586,"Train"
"State83","UNSTABLE DEM",2534.42290519513,NA,NA,42.3287266446782,507.036324077404,61.8437922986695,NA,21.6393073610415,NA,"FREE",NA,24.9688597989451,"Test"
"State84","UNSTABLE DEM",3133.96915438752,12.9300736282005,33.4140793224365,37.2782748831688,490.457888619563,52.5284874133574,17.0579935968788,24.1914069481834,-99,"INSURANCE",4645.49233977638,11.9716539702816,"Train"
"State85","STABLE DEM",5807.81583391489,18.7381141903778,NA,41.278800495217,486.463286315979,55.3258130194469,10.0953285878576,21.1439430559969,59.9405291402688,"INSURANCE",5189.95250767288,12.129596865079,"Train"
"State86","UNSTABLE DEM",NA,17.4061564972232,NA,40.433544272714,NA,56.474727839063,11.2236958602761,21.8584575155259,NA,"INSURANCE",4522.43926023692,21.4381592075082,"Train"
"State87","DICTATORSHIP",3576.8110523798,NA,NA,42.4114136630874,NA,52.8096557082601,13.6141846885929,NA,53.672054573218,"INSURANCE",4805.16571226236,24.9386575004259,"Train"
"State88","OTHER",5406.27744151478,17.7576710062655,35.7626727252854,40.5561061197131,485.882198402004,51.2784692370227,13.9135398782167,28.3015554908031,61.1723004295823,"INSURANCE",5097.43644838429,18.3517205567818,"Test"
"State89","DICTATORSHIP",2668.04983874657,14.5435345977741,35.3576724573482,39.0701149269135,487.098334475296,54.7746046410977,13.9095579159061,27.1798630169466,58.3605371505089,"FREE",NA,18.9020435792174,"Train"
"State90","UNSTABLE DEM",1384.46011224476,12.2250107930381,32.2635795100297,NA,515.700888248001,NA,15.7183729767912,22.8995179296516,NA,"INSURANCE",4723.50268938973,24.8714496388302,"Train"
"State91","UNSTABLE DEM",NA,15.3822805642152,34.8946592791737,NA,NA,58.6287076074562,13.8059713919712,19.5247095402778,56.6292165767707,"INSURANCE",4978.04773215518,24.1631146350193,"Train"
"State92","UNSTABLE DEM",3427.28398014936,13.5555865111054,NA,36.2341001851082,498.514508965966,53.4974436350633,15.0959212667313,25.406997805665,-99,"FREE",NA,18.1976847423412,"Test"
"State93","STABLE DEM",1844.59730029874,12.9026769480742,32.0401606589841,36.500036529055,496.100302397381,52.2422417884707,13.0015147384396,25.6404953447094,52.6106591222318,"INSURANCE",4559.55245123469,20.0702900473199,"Train"
"State94","STABLE DEM",4017.85739914517,16.0418012255788,NA,39.6309817010592,489.454847787564,53.5825402729862,11.7020665505124,20.4628357447817,58.0080530247837,"INSURANCE",5270.56062987204,13.7572514023808,"Train"
"State95","UNSTABLE DEM",1690.8058117182,12.9105907811173,32.3934347605272,42.3099312936336,494.318043610863,54.0610312333845,14.6333928201209,22.762298841024,59.0891833547719,"FREE",NA,18.8157444699887,"Train"
"State96","--",NA,NA,32.0989429583697,41.7693715797654,517.819745328609,NA,NA,21.2496991849313,56.0085945282348,"INSURANCE",4877.57337906289,27.2686161883076,"Train"
"State97","DICTATORSHIP",2186.95998943444,14.036588197761,NA,NA,508.722982437455,NA,14.8883963214771,24.8991623351682,NA,"INSURANCE",5108.57933398414,23.4282051433983,"Test"
"State98","STABLE DEM",NA,NA,33.8880263319892,41.5804599244473,501.441170413284,55.9132687628985,13.2041280019874,22.9464344818321,NA,"INSURANCE",4705.5189726574,18.9831989444153,"Train"
"State99","UNSTABLE DEM",4020.26160367643,12.6811286644295,NA,39.0658199008181,499.479176481185,53.7296335097741,14.1329374885893,24.761348978201,62.4405331801456,"PRIVATE",14874.1735983193,19.2961063749158,"Train"
"State100","OTHER",NA,15.1841347749484,NA,39.1814421511545,511.204135769634,55.9957535536058,14.7637070990279,NA,NA,"FREE",NA,25.7447817776906,"Train"
"State101","STABLE DEM",3269.67147511121,17.6585403233316,NA,NA,NA,NA,12.2806754532363,20.7689147602804,12,"INSURANCE",4899.89060771648,24.3068744528033,"Train"
"State102","UNSTABLE DEM",3462.0848904702,13.3329071240057,NA,38.2973104964516,494.591895886961,45.2360016589275,13.9623590962475,27.799979706067,63.2457864137565,"INSURANCE",4579.33535848245,21.1766913263629,"Test"
"State103","STABLE DEM",1442.05132379257,17.0239413087889,34.3508587236993,39.9331948142997,491.228937278446,56.9047953558659,14.8340240597961,23.5551544553112,65.3259118241695,"INSURANCE",4854.89526903778,14.2923760429268,"Train"
"State104","--",3591.97363841046,-99,36.6157661691933,38.235216949428,513.157358290421,NA,NA,NA,58.3162191978822,"INSURANCE",4932.36582310825,28.7828741070032,"Train"
"State105","STABLE DEM",NA,12.7419405579752,NA,NA,521.808846228392,NA,14.7305754623097,22.5569313078716,56.7735814245805,"FREE",NA,29.7471180924394,"Train"
"State106","UNSTABLE DEM",2358.91756411158,NA,NA,35.8212061977237,511.616223975021,50.6003862578248,NA,NA,67.6971128854462,"INSURANCE",4903.48279937133,26.1050440079184,"Train"
"State107","UNSTABLE DEM",NA,16.8869712537932,36.9930290018269,37.8637204827454,524.693794009902,56.8971656899853,14.769708441019,NA,NA,"INSURANCE",4818.22046715104,29.6819603947914,"Train"
"State108","STABLE DEM",NA,15.7447887800981,NA,41.5253777672188,500.088440090132,NA,NA,19.489905472881,59.1672713184792,"FREE",NA,16.0477857304379,"Train"
"State109","STABLE DEM",1522.99363347635,18.9263770000211,38.2701699209213,38.7869335110133,482.941650067453,58.0396282230826,11.9977176743612,21.0730138695633,58.6339053626645,"INSURANCE",4791.73290914863,8.93153461448997,"Train"
"State110","UNSTABLE DEM",4971.95691492879,16.4524839443114,NA,45.2119573864197,487.561825336238,60.7532700134047,14.710098778079,22.0596241624715,54.2944250722528,"INSURANCE",5131.68204041917,16.955802617004,"Test"
"State111","UNSTABLE DEM",2261.28202913649,NA,38.1593954559468,39.8189533216586,NA,47.828700871533,NA,28.1029223595989,62.2278946227836,"INSURANCE",5142.81317385493,27.3702787541064,"Train"
"State112","STABLE DEM",NA,12.30163915276,32.2705069598666,34.3406152559941,503.53718725875,58.4594517313789,NA,NA,57.4539194020015,"PRIVATE",15301.9326052659,19.3029720137721,"Test"
"State113","STABLE DEM",455.404859066964,15.7092083616843,36.9899340533139,38.3860902842308,485.299891999511,56.9957653920363,14.9805396547152,22.6100076551647,60.0431358916193,"FREE",NA,10.973811112601,"Train"
"State114","STABLE DEM",NA,15.5235977918591,NA,NA,500.456166289823,NA,13.5876097526572,19.5565188699563,56.2078279140355,"INSURANCE",4770.66994127518,16.9398364508824,"Train"
"State115","STABLE DEM",3466.78785786636,13.7017557405976,31.6396561147197,37.2061204499084,505.177836241036,NA,12.6725156602387,NA,NA,"INSURANCE",4662.20221076618,20.0542830468801,"Train"
"State116","--",2258.13776630162,NA,NA,NA,NA,54.3381704061804,NA,23.9236777509193,59.7402474227275,"FREE",NA,23.3152367151225,"Train"
"State117","UNSTABLE DEM",4917.94429262621,17.5797153784489,34.4324443348187,38.721728648952,493.748001194769,60.7105940441216,12.0478954254183,19.7455029747076,-99,"INSURANCE",5059.38704703801,14.6204393168933,"Test"
"State118","STABLE DEM",NA,18.8581173212805,36.432137915648,40.0776488949439,517.876120735953,52.7928693441835,NA,25.0772014831049,NA,"PRIVATE",15594.8003701186,28.4140173302655,"Test"
"State119","UNSTABLE DEM",NA,12.9853595580551,32.8807279182791,38.6854998585175,500.5044019674,NA,NA,21.4663639127265,-99,"INSURANCE",4789.58624883615,15.5803979951035,"Train"
"State120","UNSTABLE DEM",NA,NA,NA,40.5743438896942,514.541384787489,54.4694233133281,NA,24.1542117572401,56.8856226356453,"FREE",NA,29.3255687474048,"Test"
"State121","UNSTABLE DEM",1103.0482535341,13.4736420545292,34.9995713769718,42.79880522459,497.825264667829,59.6965391599295,15.2618293824655,24.3910706253294,-99,"INSURANCE",4958.50294789627,22.0110213752227,"Test"
"State122","UNSTABLE DEM",3809.23978470121,15.7902397195565,NA,39.3369889495971,504.309058389272,NA,NA,25.2312061992272,NA,"PRIVATE",14203.2030112413,23.2797183135566,"Test"
"State123","DICTATORSHIP",3508.78085346624,15.0991699950107,31.7519111695162,38.6601195375342,494.814319455714,48.6070117596562,10.2408561731074,15.9356240966123,60.0382621207108,"INSURANCE",4968.90135862424,7.00028265480158,"Train"
"State124","STABLE DEM",1653.43776395535,15.8264055217632,NA,38.8304330619263,489.628667224903,51.3966989655538,13.1462688966017,24.7081298612431,56.8863602312725,"INSURANCE",4885.5117455718,16.8391270114983,"Train"
"State125","STABLE DEM",376.180644789095,12.7147290065071,NA,41.4629290351148,477.248784397586,57.3512297430968,14.9544506046313,23.2210791636709,60.1189693695267,"INSURANCE",4977.84265770469,10.1703364361408,"Train"
"State126","UNSTABLE DEM",4615.00405512628,17.3081018526163,33.1947977674078,37.4801918590532,499.184608693759,51.5206280892294,12.0496225189133,22.3733922332451,61.7759009042091,"PRIVATE",15029.9004833174,17.6530565826036,"Train"
"State127","UNSTABLE DEM",3823.76494268769,12.9942007000779,NA,35.9398864887452,NA,NA,17.1408624566215,NA,64.0530739800315,"PRIVATE",14502.1636777776,23.4711722239186,"Test"
"State128","STABLE DEM",2831.02568949356,NA,NA,39.1792054401104,510.513540536066,NA,14.1422719844196,NA,59.6918832764952,"INSURANCE",5116.70642795654,22.8521512609514,"Train"
"State129","STABLE DEM",1128.78082140807,14.2999272408364,NA,38.5854249057233,493.651567543092,54.0425559467097,12.8076502186057,21.0501710975164,63.8982333766069,"INSURANCE",4916.87811332359,13.4607764985136,"Train"
"State130","DICTATORSHIP",NA,14.0686269834574,32.8950066173242,NA,507.281456258878,52.3259412205821,12.432764263077,21.0575976086678,NA,"INSURANCE",5144.03043236816,19.4631458110852,"Train"
"State131","DICTATORSHIP",3153.10545545367,NA,NA,37.8797885942817,NA,NA,15.0300374631286,26.7602283585888,58.8746242028931,"PRIVATE",15318.7139632379,26.4389319462889,"Train"
"State132","UNSTABLE DEM",2203.97025942532,NA,32.4590084168419,NA,NA,58.7268747066429,15.764165675328,24.7738913229985,59.1757033322667,"INSURANCE",5203.09122645967,26.2921033658135,"Train"
"State133","OTHER",2216.91438574048,10.0230439943632,29.0718677890768,36.3267567826036,503.689931954876,60.2775222966744,NA,NA,NA,"INSURANCE",5028.24533812017,17.8848881924713,"Train"
"State134","UNSTABLE DEM",3570.07412809191,15.9352045907171,NA,37.6626466757777,491.894456567486,49.3209856224735,10.8498181715961,22.0578563777168,62.1978192182458,"INSURANCE",4629.84828665201,13.0597793266444,"Train"
"State135","UNSTABLE DEM",2645.06980712393,16.1234268937851,34.7449237828782,40.8533282546444,494.774273327886,55.2834445135129,11.1251031193074,18.3865300161767,59.2439479942696,"INSURANCE",4829.17835105373,12.2567475760013,"Test"
"State136","UNSTABLE DEM",660.96230284322,14.5919189924213,NA,35.1531169642714,495.244339675506,58.2311557043098,12.9128020325597,21.5764064201002,59.4437918198615,"INSURANCE",5205.76298571945,13.9598078389197,"Test"
"State137","UNSTABLE DEM",1373.53122343924,NA,32.7338967841211,38.292419917922,NA,58.7648153001637,13.9107226502717,NA,61.3682412710682,"INSURANCE",4931.04672784387,28.1081580206499,"Train"
"State138","STABLE DEM",1745.51301955328,12.5124042981542,NA,40.1046378049746,498.211112570562,57.797242927139,16.9634117857926,24.750300716676,58.0453521606454,"INSURANCE",4793.05939310049,21.9888119499572,"Train"
"State139","UNSTABLE DEM",687.548575813448,13.2621101717381,NA,NA,NA,57.2118952005373,15.1734806181538,NA,62.6776951422843,"INSURANCE",4795.48655854669,16.157939814639,"Train"
"State140","STABLE DEM",3751.24612984994,14.8189072227109,33.7677129612285,40.3199716771861,488.197802643655,51.1083257305977,12.3963643729823,26.7764221329977,56.2178556664635,"FREE",NA,19.8227030512299,"Train"
"State141","STABLE DEM",3123.21463534602,NA,30.7021707617933,39.1682447209053,NA,49.1851133759027,14.7330560367733,NA,60.634910257356,"FREE",NA,27.1273721551414,"Test"
"State142","OTHER",1764.05281778727,13.4472781382016,NA,41.6442908251385,507.445382475631,NA,NA,26.2456045832635,NA,"PRIVATE",15575.6620644417,26.0687299078571,"Train"
"State143","--",NA,-99,NA,35.1202717354245,506.527421854147,50.9032793993988,NA,NA,NA,"PRIVATE",15001.6102918283,20.149760663465,"Train"
"State144","STABLE DEM",3928.1914416812,13.1116422753686,NA,39.2405677422867,475.802699558553,56.7838829824105,16.6844855147366,25.5104176164208,57.1363898900118,"INSURANCE",4921.22892265545,12.3371490802946,"Train"
"State145","STABLE DEM",2969.4762395736,16.30311166793,32.4002319713033,34.8177079593738,489.386938319996,53.4920956148366,12.8487543235575,23.3208268327481,60.758037683596,"FREE",NA,12.0832248770495,"Train"
"State146","UNSTABLE DEM",4121.90426900138,14.3062906467376,NA,37.7636640074889,499.970055943279,52.5168092789774,13.5566547992118,24.604693258758,61.1622211252753,"PRIVATE",14973.8415136371,19.3604924837167,"Train"
"State147","STABLE DEM",1737.86781975984,13.7860180585744,33.9398379794653,42.4274906732591,493.891846649828,49.7342366064368,12.9198408593259,22.0772072286454,57.8218198718428,"INSURANCE",4731.48857641062,17.9860610830708,"Test"
"State148","UNSTABLE DEM",819.734568568488,15.062260326206,34.4576695666443,38.2574084362613,500.543238263091,NA,NA,25.9295275152994,NA,"PRIVATE",14109.1624785575,23.504655344144,"Test"
"State149","UNSTABLE DEM",5231.09407311521,17.7184459455425,NA,41.9163776087093,492.873815584837,54.661922105717,12.9975470518255,20.961659357875,66.1607994243856,"FREE",NA,14.342340208535,"Test"
"State150","UNSTABLE DEM",NA,NA,NA,43.5953109505087,504.149215419613,61.1503600020601,10.1792806838146,14.7583154735101,NA,"PRIVATE",14912.9971495557,12.0353785923965,"Train"
"State151","UNSTABLE DEM",NA,16.6154549348611,NA,39.5473545638793,503.277284134286,54.7850896755113,NA,NA,64.3498557122419,"INSURANCE",5087.54105498506,15.4639863907979,"Test"
"State152","UNSTABLE DEM",891.0718261353,13.5523676924618,32.859794521344,37.6636395574845,478.808035330851,53.1774491799233,12.0724752599139,17.528936596895,55.4228240422834,"INSURANCE",4654.30926129045,6.22167986548094,"Train"
"State153","STABLE DEM",1128.63733757242,14.2849767651067,30.98284041637,37.4491755033891,NA,55.1686855315095,NA,22.3146768229479,NA,"INSURANCE",5013.67350593398,17.7205232637571,"Test"
"State154","STABLE DEM",3301.75634255102,NA,33.5309006904862,37.0202111587502,NA,50.1589809343991,NA,23.3798877008328,55.2065777517674,"PRIVATE",14715.0847989263,24.289860973023,"Test"
"State155","UNSTABLE DEM",NA,10.3294269110058,29.5150834729741,-99,501.039958262519,52.4558650265521,NA,-99,-99,"INSURANCE",5102.63931565672,15.4347507765743,"Train"
"State156","OTHER",2088.294392512,15.5194135289356,35.2046688368761,38.9000852766653,495.750838990232,56.3863998634175,12.2251268997421,21.9065123989793,62.5863713403298,"INSURANCE",4812.00551620953,14.5837554857264,"Train"
"State157","UNSTABLE DEM",3180.57923820685,20.2078156751639,NA,41.9328274070977,498.152300531121,58.7849213639327,12.8720682648545,25.3753782419409,-99,"FREE",NA,22.8951834889246,"Test"
"State158","STABLE DEM",3898.45422567952,12.3397124112989,NA,35.5329996615891,499.003020869571,50.3162461073978,13.6510972705342,25.0876743623855,60.4422324954432,"FREE",NA,18.9536496468672,"Train"
"State159","UNSTABLE DEM",2530.69758173137,NA,NA,NA,NA,45.3265844530998,13.4485425182323,27.6102135321093,60.7186790789315,"PRIVATE",14761.1781406498,21.306012330558,"Train"
"State160","STABLE DEM",1797.64732436365,13.3881813019492,31.2079941048441,41.8793432688649,491.098041322498,14.5063783632127,13.4616834360711,22.4651750318282,34.438511733485,"INSURANCE",4558.55595849067,24.9504825092442,"Test"
"State161","UNSTABLE DEM",4751.80721806744,11.1087376998838,28.8362194064023,37.6198658551839,499.666631229017,55.8256837510168,15.603083501638,23.6197610974257,61.5531096987205,"INSURANCE",4985.36189528231,19.5215315653623,"Test"
"State162","OTHER",5631.10551074191,10.486340587664,NA,42.7896761612799,498.356861908829,63.8696495685082,17.980729451685,24.6115376937996,57.507855873228,"INSURANCE",5211.33833712175,22.7861020879213,"Train"
"State163","UNSTABLE DEM",189.804760118883,16.2464236412329,NA,41.4144402406008,493.059348433145,51.3205480864517,12.5250144604631,21.3376891978165,60.5517727287792,"INSURANCE",4919.96224599286,13.8144821917664,"Train"
"State164","STABLE DEM",2254.3257475294,16.5222668883045,34.5283661305095,41.3533175709796,494.775628860603,56.5913774148423,11.5676567412843,19.578202845301,60.5162606207162,"INSURANCE",5319.89557539432,13.9434623534724,"Train"
"State165","STABLE DEM",3381.62822423034,13.9615927370327,NA,-99,500.00924626106,NA,14.7380918629229,-99,-99,"PRIVATE",14253.6740823158,23.9003036977664,"Train"
"State166","OTHER",4344.67128742075,16.5853485081691,NA,NA,501.355351006602,NA,14.3823033506637,23.2151778357122,NA,"INSURANCE",5076.9884331426,20.4228851112258,"Train"
"State167","UNSTABLE DEM",1263.58085729326,13.8150343086427,NA,-99,NA,56.1502933282688,14.2925903601979,-99,-99,"FREE",NA,19.6937671522933,"Test"
"State168","STABLE DEM",4959.09274306487,12.7125699991323,NA,38.1689113273318,496.153590728872,61.5887609570739,17.7950250493061,24.9347041194113,56.5231026036677,"INSURANCE",5048.76648516637,20.809268058072,"Train"
"State169","UNSTABLE DEM",3523.02741213966,17.6875681951358,NA,39.588523896517,492.962584252108,61.9602345973251,13.6580645977451,21.9451481002113,56.4377058787867,"INSURANCE",4877.98175200678,16.3870502568609,"Train"
"State170","OTHER",3167.96682476196,NA,NA,NA,506.586519261772,50.6983771043892,NA,24.1279967242757,59.0161381572764,"INSURANCE",4908.12094010047,20.6060274258131,"Test"
"State171","STABLE DEM",1469.36058155856,14.2058854543355,NA,38.3928383784527,499.035339180631,52.1959590598693,14.0832272583144,24.4273222412701,63.3038525961015,"FREE",NA,19.7170657527081,"Train"
"State172","UNSTABLE DEM",4955.28103307481,14.0628027627419,33.0087207805795,38.692026105748,NA,NA,15.1444184318104,NA,57.4395907558657,"INSURANCE",4697.11030941308,24.908052057568,"Train"
"State173","OTHER",NA,NA,NA,-99,501.27836009661,50.6369285363887,14.4552295211745,-99,-99,"PRIVATE",14876.7686133041,19.0177060575405,"Test"
"State174","STABLE DEM",2088.91147643868,NA,NA,NA,502.538898191208,NA,11.9749761095691,19.5136345989905,61.3515246533529,"INSURANCE",4868.37368719275,18.173190749603,"Train"
"State175","UNSTABLE DEM",2318.70371513548,13.3323400831371,NA,36.1593876047562,490.323404876574,55.9649584946157,14.6000019963815,22.2468214151154,-99,"PRIVATE",14088.2734404336,12.571080600209,"Train"
"State176","UNSTABLE DEM",3033.49938052026,13.2195471673549,31.8812969931943,36.0206833705771,491.984929296723,57.6694406283808,14.716453278715,23.775725085079,62.0165317129399,"INSURANCE",4875.95898529165,15.6696945784905,"Test"
"State177","STABLE DEM",7811.99922547454,12.8193648601939,34.07326682619,42.7008231811673,518.479411700164,NA,NA,NA,59.3548780979817,"FREE",NA,27.9942229283668,"Train"
"State178","UNSTABLE DEM",3878.88311591245,12.641497835784,NA,38.0680331238156,499.443529967392,58.8692661453132,13.1752683163495,19.6463599730435,62.047178318728,"INSURANCE",4966.65409637073,12.697563057223,"Test"
"State179","OTHER",455.338710000611,NA,33.6303994805733,38.5869816596752,NA,58.3019612227463,NA,21.2183868955905,57.6318524881285,"INSURANCE",5190.73305733957,22.1128765900918,"Train"
"State180","STABLE DEM",1374.70402993908,NA,36.0283038117918,38.473900967352,NA,NA,11.7803855580632,16.8105653619995,57.1549382944038,"INSURANCE",4662.40985562879,16.7948803632753,"Train"
"State181","DICTATORSHIP",4497.51784096714,14.2083414089752,33.185848738136,39.3432051592342,492.243130240963,53.2743818158561,14.2041604001025,25.7143173592606,56.603624170282,"PRIVATE",14401.3124169677,18.8576244261012,"Test"
"State182","UNSTABLE DEM",3209.6068848116,17.5010941510021,32.766021497892,35.9515218828009,498.955064871105,59.2595141023978,14.4139834039112,27.4002841512673,-99,"PRIVATE",14950.7535027932,21.9838534430637,"Train"
"State183","UNSTABLE DEM",2820.43678772268,12.8790057993316,33.4291217703464,37.4336457524604,484.874497098683,61.4760058010422,17.999691851411,23.8124763414217,60.9633766015625,"FREE",NA,11.6310324888846,"Train"
"State184","UNSTABLE DEM",3007.31573376311,NA,33.0346968333737,NA,501.178552805822,52.3691005774882,11.9885203994249,21.7383722606352,NA,"FREE",NA,15.2452259160811,"Train"
"State185","UNSTABLE DEM",381.184932996292,14.1575922685122,NA,38.5121262835875,504.934684661707,NA,NA,26.7023233798421,NA,"INSURANCE",4895.9546140771,27.4842382073745,"Train"
"State186","STABLE DEM",3016.67126315494,14.5803652773451,34.383450441988,37.7219312702696,498.660761753156,20.3589925609685,12.4535972333442,17.602164226908,37.4012361264984,"INSURANCE",5058.20928783456,20.1074126511445,"Train"
"State187","STABLE DEM",2160.7495736664,13.2200461171442,32.2384274260868,38.3516929348192,495.641841319354,54.5826114232173,14.4451046650859,24.5990350759703,59.6219050995624,"INSURANCE",5207.15674913546,18.6368955778415,"Train"
"State188","UNSTABLE DEM",717.131403609789,16.5926648083819,37.5802652802223,34.5286556037937,491.939454549066,49.4869040802435,13.2462930669147,25.5550920193514,64.5026697784009,"INSURANCE",4979.08737281864,13.5810337248222,"Test"
"State189","UNSTABLE DEM",3389.08937319236,16.4404719601371,37.7114105621951,NA,NA,58.4775144510635,NA,23.667269613786,60.59613420904,"INSURANCE",5010.30048264388,27.6038460502328,"Train"
"State190","OTHER",3170.08124671683,13.4888333634954,NA,NA,NA,53.8506521629387,NA,28.540891800298,54.6392941991869,"INSURANCE",5171.03861694864,35.1426244975093,"Test"
"State191","STABLE DEM",2234.24791562885,11.1839835036852,NA,36.8688927601575,486.762006559256,57.1605925060424,14.6954026772997,22.0208262155302,59.4891286760346,"INSURANCE",5380.48786127197,11.9875499649824,"Test"
"State192","--",NA,-99,NA,NA,508.472372689016,56.8627705207281,NA,NA,59.0915643829229,"PRIVATE",14270.6370086176,21.627527614343,"Train"
"State193","UNSTABLE DEM",5262.00903371787,NA,33.8215786118468,44.3916515356709,500.181565900927,58.5895134878269,NA,NA,60.9492052762507,"INSURANCE",5196.11784332256,21.2080268287492,"Train"
"State194","STABLE DEM",3544.67280423662,14.180661765639,36.0423519346427,NA,505.240894514429,NA,NA,25.939133498813,57.6333970534792,"INSURANCE",5091.68712582581,26.8822883803879,"Train"
"State195","DICTATORSHIP",1195.78739289493,18.3948696621976,NA,37.8980179780881,498.401268622536,60.4716528448357,13.3149252516637,22.2027499172297,61.5606735312019,"INSURANCE",5221.71414052331,16.9270005631559,"Train"
"State196","UNSTABLE DEM",1616.38662879581,13.5077205832213,29.6394275827305,33.1143203622544,497.252370909707,48.3590968531999,13.2701694765483,23.2200490547322,63.6110940802916,"FREE",NA,14.3673626232449,"Test"
"State197","DICTATORSHIP",3975.41284603734,15.7071461864793,NA,38.5821838400845,489.79982457172,51.6983135126704,14.1183505931191,25.5621348133154,57.7623049450732,"INSURANCE",5426.95464842267,17.4945796716393,"Train"
"State198","OTHER",3240.97072034758,17.8855095539153,36.8016856809773,42.9698873510255,480.538352917172,57.5071494497602,11.2132656475287,20.9322571399848,55.8943431730758,"INSURANCE",5062.82712149137,12.1827016325551,"Test"
"State199","UNSTABLE DEM",NA,14.5908144376753,32.436666842001,NA,514.853040564711,56.2739035431228,NA,25.3117884272948,-99,"INSURANCE",4985.02769451179,28.8302567285596,"Train"
"State200","OTHER",3741.64395524162,12.308205205428,31.8218879029821,35.1521245134099,497.281044667508,57.1484918920582,13.9617599777696,22.2762692929807,57.4709070475448,"INSURANCE",4800.31514874514,14.5333325543822,"Test"
"State201","UNSTABLE DEM",5150.34748874237,16.3500128667989,NA,43.6948688604074,487.239278620168,51.6654701578862,12.6055893602724,20.0115568400033,61.3644985834285,"FREE",NA,11.9411206145704,"Train"
"State202","STABLE DEM",1636.83791075898,16.6158493733256,NA,39.1631856754662,475.225096220596,58.9247132681014,13.307016888072,23.5215551559673,59.5522022135446,"FREE",NA,9.76902636641101,"Test"
"State203","--",3948.72241527706,-99,32.5879865463142,NA,NA,53.2903396498342,NA,NA,59.0217760306034,"PRIVATE",15013.0900666769,26.0913894345446,"Train"
"State204","UNSTABLE DEM",2108.35720179493,15.4395278617668,NA,38.5367443758577,NA,59.4179485604976,NA,23.8557498653348,NA,"INSURANCE",4725.94749090537,20.9357355253841,"Test"
"State205","UNSTABLE DEM",1709.22216840468,14.1145814773639,NA,41.8930001247805,481.22248359433,57.2264452842774,15.9289576268564,23.5028561174899,-99,"INSURANCE",5105.31720401638,9.95774461948158,"Train"
"State206","STABLE DEM",1898.3468690765,9.7092935374468,NA,38.2474438164532,496.935318840972,47.4518145162947,14.9592982351969,25.3754357885227,62.4914603854402,"INSURANCE",4824.73780507272,18.5831973722927,"Test"
"State207","STABLE DEM",3626.23233585388,14.9239446097315,31.4968996737727,35.8270053807128,499.419002626574,56.1209085408352,13.1937744578645,23.183542040732,64.171656410737,"PRIVATE",15005.7521208842,16.4804903031882,"Train"
"State208","STABLE DEM",2805.26118344693,12.6975520310263,NA,36.0162886868559,499.38948316618,58.3410804243349,15.0961540000925,20.91673575947,63.7921882209603,"PRIVATE",14823.7816910664,14.2706335875795,"Test"
"State209","STABLE DEM",2300.64189053291,10.3341698742836,32.4051393660327,41.3821367312521,489.472625225364,52.0652633081623,16.6911898948571,27.22869031667,61.6586095524891,"INSURANCE",4852.10262103926,22.1338709782763,"Train"
"State210","STABLE DEM",2080.11511547667,12.1778493867787,33.4648925056406,NA,NA,53.5739670549074,13.9590320541552,22.4189255678495,NA,"INSURANCE",4886.31848223606,24.1653466447092,"Test"
"State211","STABLE DEM",NA,17.4432489475098,36.1603003504585,45.3198740905862,502.610818067057,62.8888103887439,12.5281628211547,NA,NA,"INSURANCE",4864.08734043117,22.9824838452115,"Train"
"State212","STABLE DEM",1924.43972945039,NA,NA,-99,510.786963770094,NA,15.7146180195631,-99,-99,"FREE",NA,22.4310986899665,"Train"
"State213","UNSTABLE DEM",3686.46141735717,20.5779797529135,NA,NA,501.606842103202,NA,12.6861484020079,24.6622046145602,NA,"FREE",NA,26.9709069983158,"Train"
"State214","OTHER",NA,19.4463856413196,NA,-99,NA,51.9401045697816,14.3372181351331,-99,-99,"INSURANCE",4909.47074495504,26.0087695913697,"Train"
"State215","OTHER",3437.19604095748,NA,NA,NA,502.283780948748,NA,13.4186961954604,19.0131168327702,56.9534936081101,"FREE",NA,16.6464188992717,"Train"
"State216","UNSTABLE DEM",2718.61781680851,16.5168922660329,NA,NA,NA,55.8354565188577,11.9951231756645,24.8828227145628,NA,"PRIVATE",14904.2203680521,19.7225071959722,"Train"
"State217","STABLE DEM",1699.32913178318,16.0530152721245,33.7902034259978,39.2796502306723,494.141548896306,54.0320285883579,11.7138554198696,21.6216246577445,61.0063689599767,"FREE",NA,14.90102771578,"Train"
"State218","STABLE DEM",8847.18570297972,16.4815283973076,35.1323967737014,NA,515.871659719845,NA,15.7287011080715,NA,62.9617693074707,"INSURANCE",4688.31242051161,29.4372235495494,"Train"
"State219","UNSTABLE DEM",1902.42923043522,12.8662677293171,NA,35.7238140739304,497.836913626723,51.4898827568652,12.4823868457131,20.7786446467159,-99,"FREE",NA,14.2692532291519,"Train"
"State220","STABLE DEM",3240.79591915125,10.2213012206215,NA,38.3162105143867,492.634194728747,59.8626638218385,16.6585836480132,22.1049974692299,56.7300781777883,"PRIVATE",15076.4881827426,14.9811630586948,"Train"
"State221","UNSTABLE DEM",5075.69779241423,13.7977899750872,NA,37.7824762726442,499.183780506409,60.4901850967181,11.6757294313622,15.0837684408188,60.3383220316007,"INSURANCE",5244.15667072259,8.80920145844875,"Train"
"State222","STABLE DEM",6403.10211472771,15.664935321548,NA,40.4776257434309,489.93967797673,54.1784884139811,14.9421578886073,26.0596676808796,64.6737426053738,"PRIVATE",15562.2829050081,17.288423607569,"Train"
"State223","UNSTABLE DEM",NA,15.0467342078663,34.1795937765095,37.8381985957982,503.802547585832,58.5278492667902,NA,22.473601013327,NA,"INSURANCE",4921.8487067995,21.2546133983605,"Test"
"State224","UNSTABLE DEM",2146.1645544814,18.4503191134494,38.1542715191966,43.0926661716292,493.226016075553,60.0057858269352,13.5915278634933,21.9536333112874,60.5407971951836,"PRIVATE",14708.2758279744,16.339491602001,"Train"
"State225","STABLE DEM",5496.90324995907,11.9487733533488,NA,38.5512748592825,NA,NA,12.1057852348392,18.8842521966083,NA,"INSURANCE",5177.87982227749,13.3622382870344,"Train"
"State226","DICTATORSHIP",4808.44046184293,15.7435783486566,NA,39.6474880171825,497.584388389345,55.7773989168282,12.1449215874742,22.4203168407227,60.6652381140799,"PRIVATE",15193.8490353339,16.5125159809746,"Test"
"State227","UNSTABLE DEM",2726.39889908494,14.8114010027788,33.4027420597192,44.3193513506519,495.201740433231,57.9004912402834,13.8155268850709,23.6649585057583,56.8098267489712,"INSURANCE",5008.01614201732,22.4139797516465,"Test"
"State228","STABLE DEM",814.075506659138,11.2704831062295,29.4717688421719,35.1246585266633,494.890682322278,53.9618243469832,14.5711486754329,24.4543917268044,52.4354314228259,"INSURANCE",4979.00010607051,20.2381043903941,"Train"
"State229","STABLE DEM",230.269318771431,18.2947695809116,40.3477057217339,43.3013678441106,493.689964316736,56.7671787324583,14.2027251961779,24.0012217568044,12,"INSURANCE",5391.72207194818,18.2991882054899,"Train"
"State230","STABLE DEM",NA,NA,NA,38.734582927433,500.535160143838,57.7097912101138,NA,21.2641185297276,55.1441787879693,"INSURANCE",4773.13256382195,18.9514897943964,"Train"
"State231","STABLE DEM",114.033478444043,18.7342469517669,NA,47.3936235973756,493.760582549217,62.9149846877873,15.2158385775063,20.893833842067,65.4383305533927,"INSURANCE",5017.4253247571,17.1233825479983,"Test"
"State232","UNSTABLE DEM",7262.85840515313,15.5379987086335,NA,37.967872384998,490.884964077538,52.3491882915517,13.6843391505754,21.2733818775071,-99,"FREE",NA,9.85435866856657,"Train"
"State233","STABLE DEM",NA,16.0247200944434,NA,40.4867926436844,NA,18.6141372802871,11.2000673753825,NA,32.6105970037253,"FREE",NA,30.7840433074009,"Train"
"State234","STABLE DEM",NA,NA,NA,NA,502.015414280316,54.5710435743634,12.4697331070275,19.7169201403313,56.9792292980132,"FREE",NA,16.6208481712735,"Test"
"State235","STABLE DEM",4419.14849128706,13.5443620982785,NA,41.639712586353,511.12252296297,52.5516392744867,NA,NA,NA,"INSURANCE",4874.82513431903,26.0486880764018,"Train"
"State236","DICTATORSHIP",1201.53991618041,17.1706837900448,30.4322614941964,39.6149910117388,495.855758909359,52.5384371967008,11.4186329041647,20.0964387746828,62.8575209312716,"INSURANCE",5094.86466439537,13.407374056202,"Train"
"State237","STABLE DEM",2137.19947907952,12.3489816189735,NA,-99,NA,60.8492132040662,17.6150249933926,-99,-99,"FREE",NA,19.4771040341349,"Train"
"State238","UNSTABLE DEM",1296.56816903347,14.5026894430042,32.6617773623913,38.9810852639676,481.8443311686,57.9477692538229,14.3809001633716,26.796815396167,56.9696108976376,"INSURANCE",5139.55834666254,17.7773040650646,"Train"
"State239","STABLE DEM",3210.76554051999,12.5903287678294,NA,NA,508.585525078932,NA,NA,24.9029521210357,63.7161530032142,"FREE",NA,21.9361637894649,"Test"
"State240","UNSTABLE DEM",1197.79469766867,12.6868584815221,32.2987770892285,38.6615782852167,489.080646874025,57.7600347859073,13.1045182124771,19.7530886815091,59.0488130320424,"PRIVATE",14897.66080229,9.65714543680048,"Train"
"State241","UNSTABLE DEM",3993.97005203237,14.3528941274204,NA,42.203043480663,499.584916332086,51.5993010680098,13.7070274437924,22.4920320097055,-99,"PRIVATE",14967.2217679699,19.312203564117,"Train"
"State242","OTHER",929.101160451579,15.1046307733585,NA,NA,505.003628852858,NA,14.6258310545482,26.7543350071923,NA,"INSURANCE",4859.21900837793,23.719893906967,"Train"
"State243","UNSTABLE DEM",4298.79776561251,13.313012733951,34.4310271607451,38.4264592437982,480.31708934536,63.9223021032613,17.4830237856378,24.2963348464696,57.7857110454013,"FREE",NA,10.7883616615621,"Train"
"State244","OTHER",1515.16044509211,14.9332150099634,NA,41.9882133167893,492.269717363051,58.5472057274372,12.9457592235361,21.0646462634255,57.5837094630124,"INSURANCE",4844.54656966744,15.8995719152952,"Train"
"State245","UNSTABLE DEM",NA,18.9971560265427,NA,37.6042397260895,502.905536914084,NA,13.0449537019775,28.0133509678155,NA,"INSURANCE",4976.08917232192,26.6857153283268,"Train"
"State246","STABLE DEM",1038.02327027294,14.6894517635058,34.3793240446242,35.8706713672535,490.066641291062,54.3670400816777,14.1593996931272,25.7842121420801,56.4637726126294,"INSURANCE",5067.40988236365,17.6813179626387,"Train"
"State247","UNSTABLE DEM",NA,16.311562645012,NA,39.7445391459279,507.517588507434,NA,13.1620245422277,NA,62.7095645853257,"FREE",NA,19.8542608058434,"Test"
"State248","STABLE DEM",396.344769075053,14.1242984839687,34.0050319773987,42.5087871072187,497.787003072833,59.8087911361414,15.202607514608,19.9527213351429,61.6224847160101,"INSURANCE",5000.71585902252,15.8915101945138,"Train"
"State249","STABLE DEM",2917.35695381516,13.8430353585127,NA,NA,503.026989432665,NA,15.232358476842,23.4153615955126,NA,"PRIVATE",15109.1097590441,20.4427263015767,"Test"
"State250","STABLE DEM",5163.60153963642,15.391082485084,35.6496922043261,39.551281233544,499.63052189753,51.9816238331058,12.8313781608001,23.6258310425666,58.9439254076487,"INSURANCE",5163.66795928415,20.9019592419527,"Train"
"State251","STABLE DEM",2208.78060914199,14.4616036096782,34.1271145377471,40.8473138644986,482.686555561432,54.063534199799,13.9857562267417,25.3729463521807,59.7961244539827,"INSURANCE",5203.7995585979,12.9201917372231,"Train"
"State252","STABLE DEM",1312.99474846303,16.1579369478731,36.037759070412,41.2556022667545,496.502254532981,55.7888596481326,14.5520889558811,21.1168588490057,64.1175877685621,"INSURANCE",4872.7192091782,14.3186136219709,"Test"
"State253","UNSTABLE DEM",NA,14.8650516038131,32.7060828745766,46.1500543401911,501.805592961977,51.4751316088461,15.5943713397276,NA,NA,"PRIVATE",15011.1615950799,26.3281285260945,"Train"
"State254","STABLE DEM",4484.73063273796,10.8899874771508,NA,33.4788317566108,499.277008107082,54.4782074128569,15.3272932733768,22.9920720666542,56.6112442134101,"FREE",NA,16.8759278594101,"Test"
"State255","STABLE DEM",3453.97103428352,15.7860236702242,30.9518271255726,39.7222152447312,490.68090527879,58.9531512839933,14.8956690887642,24.2446403320573,58.9914022156974,"FREE",NA,18.4830171754962,"Train"
"State256","STABLE DEM",3767.53171572411,12.3413826886075,31.8875438267249,NA,NA,NA,14.2013469637408,22.3016969545828,62.626611489872,"PRIVATE",14713.0290980011,15.1246583474613,"Train"
"State257","STABLE DEM",910.35725837679,13.788720835622,33.1423567940738,41.8532635694585,489.288045679891,57.032722333899,13.5031171480353,17.1730741988328,61.5566966711415,"INSURANCE",5003.67677494244,9.32531795288112,"Train"
"State258","UNSTABLE DEM",1926.28377462097,NA,31.2556431890711,NA,505.061224003072,55.3605448960882,13.9932202440399,NA,55.6874472908927,"PRIVATE",14677.9803373242,22.9246742375169,"Test"
"State259","UNSTABLE DEM",1389.01194436004,NA,NA,41.637444682421,NA,60.4261429687999,11.757155301456,NA,57.206600256102,"PRIVATE",15649.1520501175,18.4226649544709,"Train"
"State260","OTHER",5180.21722464916,12.8026029934599,NA,40.6838577531154,480.779786467427,58.0801246168483,15.7145526787555,23.4286690906121,57.3858244720891,"PRIVATE",15446.2121109393,12.146710447062,"Train"
"State261","UNSTABLE DEM",1511.61347489709,NA,33.0734607280368,36.6604052603817,511.583524112296,NA,NA,24.2848696695645,62.5841214707585,"INSURANCE",4829.61639465687,24.0586417245257,"Train"
"State262","STABLE DEM",NA,14.8081127397959,NA,NA,NA,49.45177735772,13.3064142896779,22.855415676777,62.2405400286863,"PRIVATE",15268.3136444477,19.3549293146905,"Train"
"State263","UNSTABLE DEM",1014.61050711873,13.1386869218424,NA,35.3207623135053,490.686425558444,58.5938599410547,15.450039301115,23.8007212469684,60.3925479370286,"PRIVATE",15859.5485490172,13.1366944292607,"Train"
"State264","STABLE DEM",8494.07600669813,17.9515685724547,NA,38.8722223406133,480.854250668706,60.649556325459,13.9372226176696,24.6943022811589,58.2416264433695,"INSURANCE",4791.45265364552,11.5360658993745,"Train"
"State265","STABLE DEM",NA,NA,33.0207381074683,40.9537199077939,516.781048392444,58.5471400388692,13.7353326047889,NA,52.82363988935,"FREE",NA,32.4211496465273,"Train"
"State266","DICTATORSHIP",1965.62302069485,14.2656217006256,NA,NA,506.409501544336,NA,16.2710583675927,NA,64.115339695423,"FREE",NA,22.9448726514254,"Train"
"State267","STABLE DEM",NA,13.6170895792026,32.2831222903711,38.5024761193347,NA,48.3317279820337,12.3754814569768,NA,59.4297009306586,"INSURANCE",5234.82648701282,23.3891251996016,"Test"
"State268","STABLE DEM",2332.33188044211,16.5285921990892,32.6336152288204,NA,503.241819713129,NA,NA,24.1395051100877,64.2742210673413,"INSURANCE",5329.81464289927,18.3649883555673,"Test"
"State269","OTHER",NA,18.6976297351,NA,-99,522.642375800695,58.9172030579985,NA,-99,-99,"PRIVATE",14163.0787781386,23.2492775933934,"Train"
"State270","STABLE DEM",4191.07001545582,9.95092843106924,NA,38.8726280305095,497.900833002185,56.07384307106,14.76872857088,19.0969125529003,60.3433548919709,"FREE",NA,12.6557158090465,"Test"
"State271","STABLE DEM",868.866503210462,15.0056615906775,34.3471660702704,40.1266091788548,495.051117412728,57.3698859258596,14.4526230574946,26.5992160251697,57.4381114694796,"INSURANCE",5151.97824252396,22.0969073850881,"Train"
"State272","UNSTABLE DEM",1617.35853180185,17.0887828649,35.147842608608,37.2116794860311,492.516117655255,54.7679826284453,13.1486561542524,21.6158895437066,61.0353751560813,"FREE",NA,13.0728417428854,"Train"
"State273","UNSTABLE DEM",834.571641884454,12.9794633744906,31.7821387097047,38.4827985273031,490.212009596177,61.2093975593658,15.4327221200529,22.4486775483418,59.0551477502596,"PRIVATE",15683.2292708806,15.6939887592673,"Test"
"State274","STABLE DEM",3352.44577562522,19.7347332525818,NA,43.638179298858,488.913504442488,52.5697203787685,9.84867835543132,23.9457172270733,58.8482993839741,"PRIVATE",15069.7891789239,18.1983857277608,"Train"
"State275","UNSTABLE DEM",754.46447610785,13.0671343895194,33.3412509103639,41.3250204408775,484.294005520614,51.3891299135342,14.2211781259597,25.749221161024,58.9872775902124,"INSURANCE",4829.8781625169,17.3824463551438,"Train"
"State276","STABLE DEM",571.610196437597,14.3278015669292,NA,NA,NA,NA,12.3446003296617,23.7471241524136,64.5483369839199,"INSURANCE",5452.90856673177,18.284606837995,"Train"
"State277","UNSTABLE DEM",1262.64305317299,NA,32.9470022971637,36.8113650169109,NA,54.2184955980022,15.6072045054088,NA,58.9261247605632,"INSURANCE",4822.13275786399,24.4889012827908,"Test"
"State278","STABLE DEM",5032.03407626156,13.4928259734214,NA,37.9903074082823,490.020001889919,60.3224069879613,15.7511627559725,22.0152786629524,58.7610567166052,"INSURANCE",4792.62232658802,12.8101276261641,"Train"
"State279","UNSTABLE DEM",3787.11090574196,12.7189292945959,NA,42.2319663306188,491.184650358645,55.8941193714582,16.6434773623538,23.8746024704358,63.4524720951138,"FREE",NA,16.7357852104997,"Train"
"State280","UNSTABLE DEM",2709.91979543299,18.0467469390022,34.9957628815474,NA,NA,58.3585158431523,11.865633424663,NA,59.7361695820939,"INSURANCE",4891.5430634018,22.9751491130173,"Train"
"State281","UNSTABLE DEM",4774.01336180662,14.4947113908951,32.7176720512342,39.2323113604391,497.67608177408,54.8094036441134,12.5236718726582,20.5689765832624,-99,"INSURANCE",5098.245321097,15.0284883642619,"Train"
"State282","UNSTABLE DEM",1226.98774132688,12.2442750599805,NA,-99,501.215988454189,NA,NA,-99,-99,"INSURANCE",4892.46598875446,19.8043555841035,"Train"
"State283","UNSTABLE DEM",NA,15.9189807767325,NA,34.7145402878732,NA,54.606548218432,NA,22.2973946702799,57.5825967884104,"INSURANCE",5128.14190554177,20.3356949429743,"Train"
"State284","STABLE DEM",NA,16.028463169219,35.8431922536071,37.0919803640478,500.731190432337,NA,14.0022877226291,NA,56.7851000955941,"INSURANCE",5059.30041490124,20.0853206778477,"Train"
"State285","STABLE DEM",4695.74335259471,12.955970090279,NA,34.800442900588,497.705697002526,55.5400973191198,13.6757585713364,22.0856115924363,56.8793015053196,"INSURANCE",5034.50576862307,15.6990796749217,"Train"
"State286","UNSTABLE DEM",2635.16437640043,15.469765132112,NA,43.0637893738239,NA,54.409819906637,NA,26.2528232603541,NA,"PRIVATE",14866.3637642005,28.4341749835892,"Train"
"State287","STABLE DEM",1952.3773690143,14.5515300412906,NA,37.874231416671,494.346014031217,55.2960369215874,18.5055945342846,29.2962391149282,63.4928303249578,"FREE",NA,21.35660522824,"Train"
"State288","OTHER",2827.67118186864,16.700113320539,NA,38.9160244626253,505.157081545528,NA,NA,24.0500214544108,NA,"INSURANCE",5255.39157557531,19.9759670720207,"Train"
"State289","OTHER",2032.14018834421,12.7598739655973,31.9213699540565,33.662698043143,483.344651668997,49.4349281071203,15.850562316492,24.380420024608,60.3735131448348,"FREE",NA,10.4324461254904,"Train"
"State290","UNSTABLE DEM",4285.34319579819,13.2227267757667,NA,35.585198087056,494.605140772846,55.1789475498487,13.1662147436466,20.0119746589474,56.934608293467,"INSURANCE",5222.78284179678,11.9640605342549,"Train"
"State291","STABLE DEM",3248.3981565834,NA,33.5656628696525,NA,NA,56.2444693031301,12.5591458763414,20.5519611484258,59.9351268899204,"INSURANCE",4992.98064155587,22.657467519784,"Train"
"State292","UNSTABLE DEM",2716.81354551798,NA,NA,39.7827147725828,502.895136669069,64.025135528884,14.0044857779493,NA,NA,"INSURANCE",5405.65322653515,19.5237652935905,"Train"
"State293","STABLE DEM",3015.74868330053,NA,37.4514872983073,NA,503.274185839254,59.6314838759801,NA,25.3194829751048,60.1891103738125,"FREE",NA,24.399889787929,"Train"
"State294","UNSTABLE DEM",2749.57022929683,NA,NA,39.0269601000524,NA,NA,15.3133251108477,30.3074666968672,58.2318689816551,"INSURANCE",5111.04005328922,32.4082249272195,"Train"
"State295","STABLE DEM",3198.61360452908,13.5506218610393,NA,41.9033550820352,495.94471014439,61.3406549455605,13.9041347020753,22.8376444570744,52.263896689011,"INSURANCE",5211.22875804869,21.8501393168659,"Test"
"State296","DICTATORSHIP",1422.48580349553,16.544282557595,34.3351169928904,43.1501164182278,503.447925265209,NA,NA,23.3381673870328,NA,"INSURANCE",4772.13897127346,23.473980135731,"Test"
"State297","OTHER",5560.73491475724,14.3503831575978,34.4455151666586,NA,506.990865155648,58.0627317645207,NA,22.6156661724493,NA,"INSURANCE",4670.54496034461,20.2123395453895,"Train"
"State298","UNSTABLE DEM",1883.33914970786,15.5450331576239,32.7890813912625,37.8316890942208,501.275936491069,44.539954319727,NA,NA,NA,"INSURANCE",5038.0112629526,18.3370634316356,"Train"
"State299","OTHER",2123.98198181572,19.8198839927561,NA,43.4675996885266,496.90513627759,57.2951308090269,9.82982032108606,20.4316451220826,61.7433907881592,"INSURANCE",4831.30012269453,15.7490100962466,"Train"
"State300","STABLE DEM",2830.60387878762,15.2449007169993,30.4194151644374,44.9884919505775,475.358676691482,58.5863747371359,12.3153226621278,18.9826434676009,57.6437104857529,"FREE",NA,8.11013912334135,"Train"
"State301","UNSTABLE DEM",1556.86877968216,NA,NA,NA,505.43302068844,NA,11.5596439225699,25.4792815405784,55.0833897667109,"FREE",NA,24.1806098693579,"Train"
"State302","UNSTABLE DEM",1026.19607836978,18.6742565133121,35.8903377455628,37.0002132350652,487.308414561076,48.6092262726811,13.270194519197,30.0834984932337,61.4054542133288,"INSURANCE",4887.35107839883,19.2395510850639,"Train"
"State303","UNSTABLE DEM",1161.93880110832,14.8559611872474,33.1297532949614,NA,NA,NA,14.243384945301,20.6573330600672,56.7016418912528,"INSURANCE",4762.45796689351,20.3218826324972,"Test"
"State304","STABLE DEM",4948.78383416592,11.806835203972,36.3206693503617,39.1289390107811,496.784200050215,56.8584711379099,13.903553808051,20.7901405608364,57.0429078227804,"INSURANCE",4938.22976820285,15.8658940617279,"Train"
"State305","UNSTABLE DEM",NA,13.3170269985534,32.1215313516589,NA,506.53720629603,52.7442853909629,15.2475573635948,27.160630121154,NA,"PRIVATE",14648.9112734864,26.4234455623392,"Train"
"State306","UNSTABLE DEM",1193.85273269611,14.6861206048871,32.2190886564148,NA,NA,55.9191989940179,NA,19.0430904072928,63.5148851550203,"INSURANCE",4987.64549164849,19.5456013793354,"Train"
"State307","UNSTABLE DEM",3210.57402444518,18.8925672135476,36.2084319768038,NA,516.844390590858,NA,NA,24.5897618108798,34.9086604171907,"FREE",NA,35.5660047835391,"Train"
"State308","UNSTABLE DEM",4301.76700188404,14.1574313284145,NA,-99,NA,NA,17.6252409466528,-99,-99,"INSURANCE",4739.496324142,37.9010548828218,"Train"
"State309","OTHER",4758.51584330629,14.4329691623133,NA,34.8860553194827,494.730425631691,53.085595234629,14.4547521418005,21.8502243666882,64.3717503436037,"PRIVATE",15008.9339314165,11.4100731216846,"Train"
"State310","UNSTABLE DEM",3339.5211711483,14.0870851188235,NA,39.3668225066961,482.736379979159,57.7099534400548,16.0586970954229,26.2855468704763,60.257712785016,"INSURANCE",4858.23698260518,14.5571294493525,"Test"
"State311","UNSTABLE DEM",NA,16.0321702720486,NA,NA,500.752456379496,61.7043677672801,NA,19.0150529571052,60.4952111550511,"INSURANCE",5057.14020728032,16.6844661078549,"Train"
"State312","STABLE DEM",NA,20.2471738447926,NA,NA,505.427884175359,53.7157153712503,13.0892868348378,NA,68.3892759585323,"INSURANCE",4932.61408366841,19.8983800497219,"Train"
"State313","STABLE DEM",3470.29646567142,11.5720811362924,NA,39.7095724022502,494.25897982186,57.0511323772929,14.4966227136809,20.5495272855624,65.1342419601337,"INSURANCE",4988.12203315027,12.5586741969281,"Train"
"State314","STABLE DEM",677.061157294205,12.3798267185335,35.4918244950081,42.141277663461,497.02091227334,28.4998053534169,17.1605347265461,22.4247360469744,37.4322453848711,"INSURANCE",4865.65378116259,26.9089870480658,"Test"
"State315","STABLE DEM",2316.1311674383,11.9087818706944,NA,35.8426387622705,499.208798725327,50.7929721551777,14.5438400306324,25.1565335827771,57.0227973077329,"INSURANCE",5067.36823375876,20.5439085732943,"Train"
"State316","DICTATORSHIP",1482.84809279212,17.1875077043785,NA,41.7827468789942,493.169613773726,56.4482457214379,14.1290470442418,24.7274753126487,61.0152383151182,"INSURANCE",5173.6436469245,18.3328199538935,"Train"
"State317","UNSTABLE DEM",NA,9.160371431262,27.512962245888,33.4506711973636,515.122003064423,55.6149412567058,NA,21.5152204965572,NA,"FREE",NA,20.5002516738252,"Train"
"State318","OTHER",NA,12.1125099789367,NA,NA,506.08337005197,NA,14.4495409974682,20.8753153709762,59.4576706634484,"INSURANCE",4845.25062353577,20.3718870219399,"Train"
"State319","DICTATORSHIP",1066.00785239015,15.9359674250238,NA,39.9136032180201,483.797083163278,57.2379387037044,13.9351715566757,22.5290814444829,59.8355239971437,"FREE",NA,12.0075821565297,"Train"
"State320","UNSTABLE DEM",NA,17.0739370630941,NA,38.7253363993546,510.214675124553,54.1222203006402,12.2281640236597,NA,NA,"INSURANCE",4532.28956884595,21.1748637626712,"Train"
"State321","UNSTABLE DEM",NA,17.2019800142196,NA,39.4609101396685,528.054409300176,64.1236603702629,12.7535931238675,NA,NA,"PRIVATE",14967.6145882482,30.8044205718641,"Test"
"State322","STABLE DEM",1269.52104188265,NA,36.7177595638573,NA,508.573271530037,56.5042700473816,NA,28.0180586832503,59.3136615687696,"INSURANCE",4923.87877328257,30.0990930587129,"Train"
"State323","UNSTABLE DEM",1576.54267706909,15.6888338922929,33.1879959706143,43.6242766302986,499.765688125449,58.5043591407745,12.0084482436165,16.0856104182096,62.1866473805762,"INSURANCE",5073.51436175658,12.3907081088416,"Train"
"State324","STABLE DEM",3830.37882962606,14.5744027754912,34.259125241969,35.4918725464426,487.5037746364,60.4902762721007,12.6477692084522,19.1387784417161,54.5613918653697,"INSURANCE",5069.32529597435,7.58415956159894,"Train"
"State325","--",1686.07697444426,NA,32.8598752587863,NA,508.888117464026,54.8491334334555,NA,21.8562402273242,NA,"PRIVATE",14773.6535149062,23.9857515315542,"Test"
"State326","STABLE DEM",1705.21066297606,14.5403597106794,NA,41.471581603846,485.196368564885,56.6303043011586,14.22176440251,23.3770061262151,64.3122322573887,"INSURANCE",4860.12307619536,11.3090347587596,"Train"
"State327","STABLE DEM",2492.56461463894,14.6128074016107,NA,NA,500.126939575633,NA,13.9728578923471,20.7043597562346,NA,"FREE",NA,17.5207439471639,"Test"
"State328","UNSTABLE DEM",NA,10.8105091902792,NA,NA,505.103053385067,55.5454020184583,NA,22.5776735754754,-99,"PRIVATE",15198.603531493,20.2817037832816,"Train"
"State329","UNSTABLE DEM",4854.86302730386,19.45782831673,NA,NA,515.086411838896,16.6627167857472,10.5679395611882,NA,NA,"PRIVATE",15444.2189242929,35.7703713733309,"Train"
"State330","UNSTABLE DEM",6813.34349810263,14.4678340469875,NA,40.2219897482671,493.1372056193,58.7630764813402,12.7007300732557,20.8324315070618,-99,"INSURANCE",4878.23574152046,14.873064749881,"Train"
"State331","DICTATORSHIP",1292.98815307855,14.2397322574612,NA,41.5415765322332,498.559202530194,61.390034479266,16.8251191959681,22.8612619956168,64.0752274663002,"INSURANCE",5158.5558154859,17.8560351821743,"Train"
"State332","DICTATORSHIP",2412.42605070307,17.3105842839844,NA,41.1314181519828,499.945704160613,48.8084748961276,11.9742377403927,21.9355413454979,12,"PRIVATE",15003.9867357249,17.1508581067369,"Test"
"State333","STABLE DEM",2465.6443193461,19.5354520168538,40.4016957314491,40.2600664702691,NA,51.7858252110098,NA,22.6138995681335,NA,"FREE",NA,18.7105842647504,"Test"
"State334","STABLE DEM",2852.19930060357,16.5289338295024,NA,40.9962437143875,495.852533868042,53.7481954019754,13.4667284266711,24.8606652762136,12,"PRIVATE",14258.426697588,19.2367945083534,"Train"
"State335","OTHER",3281.62872876982,9.97332647277247,30.6837061217198,38.3681199269729,496.51563537644,53.7566106304104,14.6424117827837,20.3631264086324,58.7288748930486,"INSURANCE",4923.00989706434,14.5587030799265,"Test"
"State336","OTHER",3145.39079985798,13.5990470884931,NA,31.201726563533,491.706526990166,50.8867279836042,12.8873117869436,24.2205400040455,52.9853501081536,"INSURANCE",5201.39793414768,16.769079937079,"Test"
"State337",NA,NA,13.0013431608991,NA,NA,500.106238315187,NA,NA,NA,12,NA,NA,19.4288038841425,"Train"
"State338","UNSTABLE DEM",4881.57109820525,15.0344626825386,NA,41.2291425480773,483.589142610781,61.7122449376377,15.5164958839728,20.5918650550006,-99,"INSURANCE",5291.85439689645,10.3759952874097,"Test"
"State339","STABLE DEM",1816.29604726611,17.6788522443132,35.4079611251651,36.6656048772646,499.095286654928,53.5505589704882,11.1673773452926,21.2275557489086,61.0067149516541,"INSURANCE",5013.57423636197,15.4223436241826,"Test"
"State340","STABLE DEM",NA,11.3595908531363,33.003246897743,NA,502.509217394411,NA,16.6068114509673,31.6296151963167,61.982579362238,"INSURANCE",4801.80142483479,25.2857891322355,"Test"
"State341","STABLE DEM",3278.38494459801,17.3734077671761,35.5954821371564,NA,514.12251466365,59.1741781109657,NA,NA,56.0632553839638,"INSURANCE",5034.50350082943,28.6072043095271,"Train"
"State342","STABLE DEM",NA,15.4794465695107,32.5084173070503,35.0267126528381,NA,57.1677829551669,NA,23.8226743157645,55.8161301684207,"INSURANCE",5215.30968232486,22.9879257117144,"Train"
"State343","DICTATORSHIP",3098.85014274672,13.633807942714,34.4555494744618,39.2486824813022,495.517765091371,48.9367468553295,12.6428403198679,21.224788590392,58.1686429314841,"PRIVATE",14097.6613161788,16.5611021678258,"Train"
"State344","STABLE DEM",2449.91636819492,16.5396271940067,NA,43.3750500402064,493.425884595753,60.4644903246468,10.9976602053447,19.277158054658,60.1414216086241,"FREE",NA,14.8808115439831,"Train"
"State345","UNSTABLE DEM",NA,NA,36.9160848530114,-99,509.111635051584,49.60668596155,14.8537133923796,-99,-99,"INSURANCE",4659.96118651032,33.0890806838127,"Test"
"State346","STABLE DEM",3337.69953754106,14.1109699069016,31.4576760365934,34.4107476269151,505.30794059562,NA,NA,NA,58.739593950596,"INSURANCE",5028.01979845859,26.570254581044,"Train"
"State347","STABLE DEM",440.358369511565,15.1284478895138,34.011096918529,38.4774147881599,497.50171084455,52.0499798285773,12.3843755076252,25.3766765479148,60.1781872110972,"FREE",NA,20.4831890559873,"Train"
"State348","UNSTABLE DEM",2359.16734483914,11.2822436640334,28.2791072220631,37.2898721949461,489.70861692676,61.0312022379529,14.1390371354754,22.638879119081,53.5397146640413,"INSURANCE",5050.58007003776,14.8074411565986,"Train"
"State349","STABLE DEM",4146.65721146244,NA,NA,NA,NA,55.0421790500126,15.3901704568661,27.4989299563656,53.886658378717,"PRIVATE",15422.6272751407,27.63919939737,"Train"
"State350","STABLE DEM",1074.86605263063,NA,32.6276213836766,38.7542292691109,NA,NA,15.2596392954218,20.8359974812363,57.7096068718881,"PRIVATE",14866.092495807,20.7968558855306,"Train"
"State351","STABLE DEM",NA,17.0495418889059,NA,NA,507.415243820542,59.1218323399079,13.239330187417,21.5190793869188,NA,"INSURANCE",5192.5953187582,21.9045693091889,"Train"
"State352","UNSTABLE DEM",2414.01695080621,17.6399920053229,NA,40.0137450042569,493.928123602971,56.7672659201019,14.5279033527512,25.9331742578684,-99,"INSURANCE",5215.08899595669,20.6656747332063,"Test"
"State353","STABLE DEM",1085.64283502079,NA,34.4531055114621,41.891403279547,NA,59.7225086830117,15.4017740607533,NA,60.5502456051468,"INSURANCE",4902.50700235679,23.3601859536795,"Train"
"State354","UNSTABLE DEM",NA,NA,NA,37.9112359506719,NA,55.3890885269642,15.5906460096319,22.9397352134316,63.0475959982405,"INSURANCE",4801.40999263775,20.7455632040397,"Test"
"State355","STABLE DEM",1967.14824258215,18.599792595502,NA,41.8401835601812,498.329909681387,63.8237235757068,13.2142706739504,23.1889509349387,56.9966053621195,"PRIVATE",14542.1844462125,20.5886527985217,"Train"
"State356","OTHER",603.290379217014,16.4866097277288,34.9584237428744,40.7823411372893,491.334782790179,58.9311793715729,11.8465821496901,19.7280673819116,58.1024767887165,"INSURANCE",4980.70726824542,13.3212301791275,"Test"
"State357","STABLE DEM",2872.69831579336,10.7439163838561,NA,36.7291958110842,481.375547376236,55.8951990369122,17.9482502089458,28.496968476871,58.1753749416635,"PRIVATE",15366.7764843734,15.501104402203,"Train"
"State358","STABLE DEM",3185.18997086675,14.3810748038618,NA,40.3339328894552,499.690549253856,62.9298333696825,18.4121876963569,25.0295581976311,58.550005437825,"INSURANCE",5060.07948833711,21.6410677539188,"Train"
"State359","OTHER",2583.69437331844,14.7022336075628,33.8094960339403,NA,510.812652685261,22.7096618024407,NA,NA,39.7250939766438,"INSURANCE",5205.95720584078,31.407285976234,"Test"
"State360","UNSTABLE DEM",3107.86108816113,12.0096850376481,NA,39.1022972729296,496.626744944427,59.7719298931261,13.7401367340794,22.5627550473823,-99,"INSURANCE",4893.13230584467,18.0002111148238,"Train"
"State361","UNSTABLE DEM",4554.34033933103,NA,NA,NA,506.804029869216,45.1093092536868,14.9905372642293,26.130323407964,NA,"INSURANCE",4838.51872174565,23.2826118689401,"Test"
"State362","STABLE DEM",NA,11.5462018415091,NA,35.3181622768134,504.260894419746,NA,12.8863371357074,NA,52.6097050559926,"PRIVATE",15326.88473539,22.448532763952,"Train"
"State363","STABLE DEM",3644.84776814969,12.9279250139507,NA,38.2231149811485,496.763733515121,56.917185616594,14.3419673333848,23.6250997274861,59.7241412430411,"INSURANCE",4994.01305068892,17.9596947624737,"Train"
"State364","STABLE DEM",4493.06734057399,18.5062672349061,36.7994806656857,35.9358559636069,488.30766347285,49.1644644449596,10.864120251502,23.5585946127203,12,"INSURANCE",5179.54334739836,11.6255899749725,"Train"
"State365",NA,NA,11.5355281561775,NA,NA,507.835493924183,53.7724525665652,NA,NA,64.2510267786034,NA,5261.90192672946,20.3020726953515,"Train"
"State366","UNSTABLE DEM",1892.79959779104,12.7321008570457,NA,NA,518.935609028171,NA,15.6543805965765,NA,59.5161829789914,"INSURANCE",4822.66018257759,30.8259980611057,"Test"
"State367","STABLE DEM",1720.00799299915,18.8043066287376,37.0767998225334,42.3776485112847,502.040967306709,NA,10.9744355248085,NA,NA,"FREE",NA,23.1055481557071,"Train"
"State368","UNSTABLE DEM",NA,16.4893962608707,NA,37.8940779294911,NA,NA,13.4290146634439,20.198113453857,61.6659697909309,"INSURANCE",5362.18373606865,15.1843502002563,"Train"
"State369","UNSTABLE DEM",3324.68703516498,11.2079074250699,NA,37.2486590641762,498.500894377084,56.2855735658227,15.3258425342484,21.9136534632441,-99,"PRIVATE",15026.2757797928,18.0904530679975,"Test"
"State370","UNSTABLE DEM",1587.11520248789,NA,30.7893199298588,37.9342480735273,505.951941188941,58.56080720762,13.5122086215102,NA,NA,"FREE",NA,17.9283682559092,"Train"
"State371","STABLE DEM",3086.46203888147,14.4054423051594,35.9160748138287,37.8356184105363,484.868118086401,56.3692702664349,14.5763453690115,24.3522095440122,60.4505066889758,"INSURANCE",5052.93018544744,11.9375044421857,"Train"
"State372","STABLE DEM",2710.98222924446,14.3204486914604,NA,37.8733770274846,490.129611556575,54.9826563666498,14.4373457003297,23.3555930731602,12,"PRIVATE",14954.301248748,15.0232314908552,"Train"
"State373","DICTATORSHIP",2113.61401106756,13.6298349142805,NA,39.1009865391071,497.704409701512,55.5653209294178,15.7139438968926,24.5866445668192,61.1966269167782,"FREE",NA,19.2385945166384,"Train"
"State374","UNSTABLE DEM",4656.27860921395,15.9388329929286,NA,38.7696178123772,491.144701491922,66.3330910554178,12.8288540015021,19.0554120506431,54.6627845477243,"PRIVATE",14136.614640978,10.8143192458432,"Train"
"State375","DICTATORSHIP",4128.25707058575,17.649774683213,NA,40.8512998819673,500.156523350666,50.3703583547832,NA,NA,NA,"INSURANCE",4709.47808461902,19.4904730263943,"Test"
"State376","UNSTABLE DEM",NA,NA,NA,NA,509.268389311786,55.7622728353984,12.0997975136288,24.3218692884892,53.5341078083674,"INSURANCE",5048.32637784432,26.1607609910313,"Train"
"State377","STABLE DEM",4015.73755697625,15.1582218387559,32.4651673878034,36.6142756644126,485.740647463533,58.2854640480359,10.8650216940955,17.2093030604758,55.9364779286545,"PRIVATE",15103.9774167287,6.98735169111346,"Test"
"State378","UNSTABLE DEM",2045.29457416796,18.3039852328861,NA,43.8414995734342,498.676586488063,56.064719532952,12.9119267241008,23.7959015943126,57.2277948675284,"FREE",NA,22.380282599655,"Test"
"State379","OTHER",2790.59542864631,13.7493757508123,32.9065536338225,44.008601912073,NA,55.0333959265014,NA,19.9552155168416,NA,"INSURANCE",4958.58016466339,18.1441589369294,"Train"
"State380","STABLE DEM",761.015706481014,16.9445816155675,32.5036066386708,37.9965142045055,498.50777230628,53.0200279804252,14.11890086207,26.1271865540512,64.2892343908923,"INSURANCE",5108.35507190219,19.6484688693374,"Train"
"State381","OTHER",4048.03217395583,18.1235852013076,39.6103582071647,38.0605742230501,494.053490692795,62.1434202717722,16.768717610574,27.2638273820058,60.2435838872202,"PRIVATE",14378.124643866,20.7010480524798,"Train"
"State382","UNSTABLE DEM",4068.65970453785,13.4903025295315,33.7983292463607,38.1825083539253,495.987114654443,52.8433984347667,13.6063320173532,23.3355649571412,58.251139229722,"INSURANCE",5269.94505238842,17.5039602509409,"Test"
"State383","DICTATORSHIP",4097.98192090082,NA,32.2722356845868,NA,NA,53.2222456702187,13.079961636576,21.8482505805983,63.7137688241534,"PRIVATE",15146.6619553184,27.0118797872798,"Train"
"State384","UNSTABLE DEM",3080.04140780017,16.8594755270835,34.8479380720639,38.5013855819341,498.774247170456,53.3104957410931,13.1722990743537,24.8636150059044,61.9000418025558,"INSURANCE",4986.19323872463,20.8005496606423,"Train"
"State385","OTHER",1374.08754057713,11.5677465697344,NA,NA,504.441912330398,56.6543004247538,NA,NA,55.9242931719593,"PRIVATE",14699.0205458271,20.9988228957637,"Test"
"State386","STABLE DEM",4653.23668634205,17.9523163656618,NA,NA,507.67859724614,NA,12.6533404739653,20.6237939128921,NA,"INSURANCE",4936.98956741839,17.822144387445,"Train"
"State387","UNSTABLE DEM",2200.75253298744,12.7963094675947,32.4879363251008,33.6899940417905,492.165581340649,56.628197172462,14.0849392398933,21.9465961317237,59.9587399637314,"FREE",NA,12.0109070842211,"Test"
"State388","--",6501.90533595409,NA,NA,NA,511.954208709047,59.273410422634,NA,NA,59.9835031453875,"INSURANCE",5458.11614998232,27.6628287592705,"Train"
"State389","DICTATORSHIP",3265.34308408351,12.1286544021152,NA,35.6190088980335,490.146060217154,57.0142564841546,16.024056562185,21.7067088453832,54.780226300722,"INSURANCE",5285.45524893593,14.6346365980169,"Train"
"State390","STABLE DEM",2103.71278561272,11.6107685480132,NA,35.9704266586251,497.587916102497,56.2148888852982,15.0055103382407,21.2850390519939,60.3401163495382,"PRIVATE",14919.122605537,14.4838010526172,"Test"
"State391","STABLE DEM",5505.65314092453,12.6217455878026,32.6994783124915,NA,507.757844391693,NA,NA,22.082878417829,58.5180175259191,"PRIVATE",14663.7053156768,21.2100603935703,"Test"
"State392","STABLE DEM",NA,13.0941006756344,30.3567717827735,NA,504.455697879884,15.2833812252227,NA,21.3604377399222,40.8772356863117,"PRIVATE",14719.0179541426,25.1173265600644,"Train"
"State393","UNSTABLE DEM",3035.245914227,15.7998141872907,NA,42.914418986488,489.166622423367,53.4580967435478,16.5041168964369,29.5082944669098,57.1490648847137,"INSURANCE",4946.46637791357,24.3109716754799,"Train"
"State394","DICTATORSHIP",5584.94806723643,17.3192445198333,NA,41.4903158250267,486.209390700332,55.2533636506286,13.2154024570601,21.5470155158302,65.9142294303455,"INSURANCE",4964.301099938,11.1663231433216,"Train"
"State395","STABLE DEM",5097.16822819187,17.3320720183668,NA,41.9233184874379,495.621990049913,56.3359627661539,11.4306160211993,21.5552412736386,61.0096363485551,"INSURANCE",4731.04682349959,16.8478279441246,"Train"
"State396","STABLE DEM",7358.9704490691,14.4365135340146,NA,NA,507.271289582616,50.2675952706089,NA,NA,63.3566668708746,"INSURANCE",5047.35232886934,23.7513046876436,"Train"
"State397","DICTATORSHIP",3828.58665786814,15.5804462235926,NA,40.7848243910187,490.125155316022,58.0017403290592,13.2637939233771,20.8288899339497,59.9379305431183,"PRIVATE",15081.6265032551,13.9974934950289,"Train"
"State398","STABLE DEM",4185.91056892269,14.3293218344585,29.3585886504702,39.608258325809,483.773868853304,64.8016951591707,14.5809589579928,20.7740761904855,59.5712562512776,"PRIVATE",15305.7607989859,9.38645275126352,"Train"
"State399","STABLE DEM",7468.73043086335,15.6051992193476,NA,41.6808442994232,502.314854082791,NA,14.1739996001361,NA,NA,"INSURANCE",5033.74333207824,24.0921572633119,"Test"
"State400","UNSTABLE DEM",2456.49559018752,14.7651164244882,35.1948684323931,35.028598650947,498.618830570827,53.5149583001871,13.9187519547323,24.6794468593189,58.2557553189236,"PRIVATE",15016.4252720651,17.7698907748889,"Train"
"State401","DICTATORSHIP",NA,19.4687543402652,35.7474033564188,41.3931438917226,NA,60.1662017061769,NA,23.4158906363245,54.9406350249314,"INSURANCE",4962.84178886168,22.8927004422755,"Train"
"State402","STABLE DEM",1369.0997371589,15.9450755823744,NA,37.2868549183307,495.058791857315,51.9034521951471,11.3924586302759,21.1652680186458,60.6173661267324,"FREE",NA,12.4994054716622,"Test"
"State403","STABLE DEM",NA,13.5680648695579,31.1024724606109,34.8620563803808,504.151941591212,53.1730494829329,NA,NA,62.772685497146,"INSURANCE",4977.13069275905,13.7193585621384,"Train"
"State404","STABLE DEM",1784.32766010781,17.5008161356048,35.6225366127013,NA,511.011743093347,60.6680906858261,13.8240592496524,NA,NA,"INSURANCE",5137.73496561798,27.163226995336,"Train"
"State405","UNSTABLE DEM",5943.40467852307,14.8810030534874,NA,37.1854797612078,471.494495231399,60.2364705591345,14.4813073857874,24.9593431310067,56.7363302788038,"INSURANCE",4990.86640548641,7.37596413001029,"Test"
"State406","UNSTABLE DEM",4423.88017667148,15.9211955710118,NA,37.8622289286637,493.102314436291,54.8952280327417,16.1490871241546,26.3484846124679,-99,"INSURANCE",4771.23979246539,17.6470540687327,"Train"
"State407","UNSTABLE DEM",1921.31636433209,NA,37.6596088430861,NA,506.68608570562,NA,9.73856717646005,18.8012628120953,60.0896918667267,"INSURANCE",4816.05787001879,17.3834100428007,"Train"
"State408","UNSTABLE DEM",3275.1384736465,15.4788611196929,NA,41.8355422679258,496.627637611954,52.6295879756187,12.9800047024866,24.9169593794053,57.2521216521317,"PRIVATE",15151.6074013483,21.0917509449189,"Train"
"State409","UNSTABLE DEM",206.666635988117,17.3775180280546,NA,39.6512393893741,496.022773114618,59.0800143019848,11.899259748614,23.1967393549156,-99,"INSURANCE",4995.80527692388,18.9411257152795,"Train"
"State410","UNSTABLE DEM",7200.03284396593,16.9279578246243,NA,35.1726520078765,498.775395923494,25.242556716385,11.7936576789599,19.7386773901109,33.630396244256,"PRIVATE",15460.3935410612,20.2965617114348,"Test"
"State411","OTHER",770.669192072195,13.6515032452507,31.5813528295721,40.5423097234777,497.119127246916,62.9246724548662,15.3744108963317,20.4921738914935,59.745386047481,"FREE",NA,15.9791985349451,"Test"
"State412","UNSTABLE DEM",NA,14.1934721212988,NA,NA,501.640121325724,54.2989788049075,12.7964120389729,NA,55.6760250351358,"PRIVATE",15243.7748281919,19.0346268253201,"Test"
"State413","UNSTABLE DEM",2341.58783341494,13.0214726548013,NA,NA,500.750891907061,NA,NA,22.2352782104439,-99,"PRIVATE",14659.3965747696,16.2993796500846,"Test"
"State414","STABLE DEM",NA,NA,NA,NA,511.402198467697,65.2095069219874,17.674488185339,24.9982518092939,63.8453722609704,"INSURANCE",4856.64417284129,24.4634319935778,"Test"
"State415","OTHER",5541.96099861862,13.5558982268193,NA,41.463454530806,497.625918279758,63.3757869186681,16.788513464349,22.4657348521464,62.4253051766648,"PRIVATE",14820.8624439163,18.456006642596,"Train"
"State416","STABLE DEM",NA,13.8368768451998,35.9230664510735,-99,NA,NA,16.6301844639732,-99,-99,"PRIVATE",14826.8933061439,24.3128763112344,"Train"
"State417","UNSTABLE DEM",5114.71450376176,15.5314751222832,31.4355007238602,-99,509.226016897727,NA,11.009220902185,-99,-99,"INSURANCE",4739.02317015373,20.8043080529158,"Train"
"State418","UNSTABLE DEM",NA,11.366957359139,29.1480727555908,NA,502.778725566866,NA,11.8981097371491,20.5887957335297,54.5138318917053,"FREE",NA,18.2490855196837,"Train"
"State419","OTHER",4366.39294648667,11.1522677258524,NA,41.351727322395,499.771323168266,18.6268970046736,15.1889519840315,18.9115427072959,36.0373878318075,"PRIVATE",15104.8398404522,23.0703439638712,"Train"
"State420","UNSTABLE DEM",NA,13.9893040778697,31.6535585734783,40.478257757589,NA,57.7234327402028,14.5823886561927,NA,57.5623829824591,"FREE",NA,24.5510832112009,"Train"
"State421","DICTATORSHIP",810.623676653448,13.0570733497214,NA,38.734375305815,492.881804802229,49.5029132141778,14.8463803812791,26.0318073068161,56.9827729943711,"PRIVATE",14958.4979193863,20.3212666563461,"Train"
"State422","STABLE DEM",2699.44942277761,14.7430004864988,32.6210736165378,35.5130507706842,498.601343949706,61.5736393380622,13.7482813480545,22.0165460273636,56.4731957912815,"FREE",NA,16.9645978528371,"Train"
"State423","UNSTABLE DEM",1241.39775214348,14.6729479931091,NA,39.5142902108927,498.030543447428,55.7884090118682,14.0308300776486,22.0699941461371,61.7690898661625,"FREE",NA,17.5470408050365,"Train"
"State424","STABLE DEM",2397.27721383957,14.6072600868969,33.460684644162,33.461254726258,492.317008417624,61.3694285770222,15.7837813448405,23.3504467838915,55.0477350661411,"FREE",NA,14.922966947919,"Train"
"State425","UNSTABLE DEM",2379.07397979166,15.6904807557542,NA,42.7347097609531,505.967652023677,NA,NA,NA,-99,"FREE",NA,23.4765879131134,"Test"
"State426","UNSTABLE DEM",3918.13802640349,15.9576430051167,34.0918605135695,39.6873396608271,495.52739959295,52.9826398025528,12.7128689422473,21.4822903411726,63.4496576262468,"FREE",NA,15.3318064906839,"Train"
"State427","OTHER",NA,11.9864542475815,30.7065559265368,34.4775384749727,508.932482648551,53.8066384138187,16.5149717457875,NA,NA,"INSURANCE",4779.61044972116,20.8901693363429,"Test"
"State428","STABLE DEM",4922.15816546356,12.871747821656,NA,37.3965318150965,496.278191518723,19.5639214939152,14.7829951033636,21.0198685653241,38.4599397157119,"PRIVATE",15271.4623529023,22.1041222378845,"Train"
"State429","STABLE DEM",NA,13.8081139968585,31.9151632162603,34.5747298464893,NA,45.3837314898626,NA,23.5603399391824,61.9088160989321,"INSURANCE",4720.42209491692,16.9254537353192,"Train"
"State430","STABLE DEM",1132.81566022857,NA,NA,37.9085081308294,509.172358059479,NA,14.1396582950923,NA,34.9538752759142,"INSURANCE",4664.34530542259,26.6979337655349,"Train"
"State431","STABLE DEM",752.526536952788,13.7261856885578,NA,39.7138980324736,509.527260039519,54.8815855857536,NA,NA,NA,"INSURANCE",4915.63412200597,21.2960294654648,"Test"
"State432","UNSTABLE DEM",1097.19605107995,15.0107053477245,NA,36.7698986618564,497.079862933355,56.0994900422805,13.8116717022817,23.1788856862436,56.3727594987872,"INSURANCE",4738.5431210908,17.6672537228058,"Test"
"State433","OTHER",6017.04268836621,16.8665400165839,NA,41.3739024154628,493.182564081257,62.8190519828738,13.58940115732,21.1838032083219,60.1459468667919,"INSURANCE",4986.02655094409,14.8147332759847,"Test"
"State434","UNSTABLE DEM",674.629686217448,NA,33.449418989275,38.3830714296409,513.448123139571,NA,12.0382666977902,NA,56.3376224257519,"INSURANCE",5288.28447722753,30.5659651323238,"Train"
"State435","STABLE DEM",NA,16.0426948539122,NA,NA,510.865396615538,NA,13.3954556783088,19.3156785444663,61.9584952975467,"INSURANCE",4898.13816387866,17.7963817807105,"Train"
"State436","UNSTABLE DEM",NA,15.7205676003906,31.7169832510895,NA,500.195125851624,57.2222471556372,NA,24.3633612371374,57.0240926750907,"INSURANCE",5032.5224416716,20.1299363598957,"Train"
"State437","STABLE DEM",NA,18.4702326159009,NA,NA,514.182650792123,NA,13.2575926773471,17.4930583537435,61.927052853855,"INSURANCE",5008.2475718766,19.5964868333046,"Train"
"State438","--",682.943291473614,NA,NA,37.0713064790971,505.307898736874,NA,NA,21.7555626428857,57.2337114970897,"INSURANCE",4920.90769127986,21.3250631199047,"Test"
"State439","OTHER",2376.64387761581,12.65135253949,29.7593596775172,40.5804743189167,488.693584637695,56.2710862387585,13.6164620866892,22.7003152475107,54.4641875749559,"INSURANCE",5343.48854321292,16.0537460692299,"Train"
"State440","UNSTABLE DEM",NA,14.7061298813543,34.3612380656336,34.7122626621445,509.556907555472,53.8932823809464,NA,22.7611586014077,NA,"INSURANCE",5044.45450451561,19.808834922785,"Train"
"State441","STABLE DEM",NA,17.2699044643211,NA,38.4302718109337,502.710130990056,58.1058613713886,NA,NA,61.0856171087071,"INSURANCE",5185.73430100524,18.1451716316536,"Train"
"State442","STABLE DEM",2233.72778636665,13.6163335451939,NA,39.8994908436378,498.50823330226,53.9567949616186,15.5427680087511,26.9265895172663,58.1830652851736,"INSURANCE",4939.91866799749,22.8589225418505,"Train"
"State443","STABLE DEM",NA,NA,32.6051339880407,41.3841795248675,NA,57.4016377607203,12.5515947767838,19.4665115224222,59.0079618439852,"INSURANCE",5212.70451095363,18.6775215620832,"Test"
"State444","OTHER",1343.11758995208,16.9258140893504,NA,36.8287482122537,509.868174489978,NA,12.3218711138185,NA,NA,"FREE",NA,23.6389438411399,"Train"
"State445","STABLE DEM",2085.65209846418,14.0762066810009,NA,38.8341810485793,488.554497465995,49.3204337992842,13.2347551509471,26.7265492453853,56.9197424391389,"PRIVATE",14787.2183386149,17.7814245630438,"Train"
"State446","UNSTABLE DEM",844.166466144379,15.3715585914024,NA,42.3191909706511,510.049966766397,NA,NA,19.3402708569991,NA,"INSURANCE",4985.84676259832,20.4730463650147,"Train"
"State447","STABLE DEM",958.87196913694,16.5038215032814,NA,NA,506.629546037518,59.4562098810031,NA,25.8678517502325,NA,"INSURANCE",5053.59369445734,25.2953319664996,"Train"
"State448","STABLE DEM",1914.75289034329,17.8848612068818,NA,40.3920357826673,491.461690458199,52.4734253318769,13.6648482632894,25.2802382104553,62.0875029576525,"INSURANCE",4808.24700066973,17.1902968359237,"Test"
"State449","UNSTABLE DEM",1345.23405336024,NA,31.9898255982508,NA,506.605678316547,NA,15.3595554975718,21.716141918912,61.7743699566314,"PRIVATE",14730.0158527533,18.3740782065665,"Test"
"State450","UNSTABLE DEM",2884.92462652751,NA,NA,42.5579043688868,NA,61.6713512534759,12.2829767624445,NA,62.6293167996225,"INSURANCE",5082.0159771323,15.4369412273268,"Test"
"State451","UNSTABLE DEM",NA,NA,NA,35.1338177703847,NA,53.4172466452943,13.0024159190291,23.117665867046,57.8595877804466,"INSURANCE",4857.25692804683,19.1788078469221,"Test"
"State452","STABLE DEM",5349.83160804978,14.1598916661368,NA,41.1081940067593,494.820935210635,57.1214315483073,13.3577335176579,21.1910821380726,58.3479076995704,"INSURANCE",5165.73218016925,15.6406203329567,"Train"
